entity_type,primary_id,name_or_price,rating_or_status,rel_id_or_email,rel_name_or_type,details,location_id,country,city,address
HOTEL,088a0975-f95b-4eb9-b9bc-c563e6f0070e,Ramos-Reyes Hotel,3,6dcc5985-bee2-465f-94c5-7a5c874678f6,Hahn PLC,New Laura,ea2f7777-2061-4b33-be13-6d660b6041b3,Anguilla,Port Jean,6731 Christina Motorway Suite 229
HOTEL,a584003b-6f21-47d9-867b-53054ad77b73,"Ballard, Barrett and Kline Hotel",1,f1f2d2b6-b37b-4228-8148-7de142e3ba67,Reed Group,Port Earl,8317ece6-8cae-4066-a649-c1dc60f0e9cf,United States Minor Outlying Islands,Kimberlyburgh,795 Christopher Curve
HOTEL,1317b493-7f71-4d2a-ba0c-a29776bd5c9f,"Brown, Morton and Miller Hotel",2,0b13f057-e189-4e8e-8def-83cd03bd2fbd,Brandt LLC,Colemanmouth,e622d9d2-abf8-4515-8285-82bde5eb72fa,Honduras,Michelleport,1194 Barrett Field
HOTEL,8c5ab1e6-3c92-4ee0-94e3-073f45df3516,Johnson LLC Hotel,5,0b13f057-e189-4e8e-8def-83cd03bd2fbd,Brandt LLC,Colemanmouth,28fe3039-0577-4d64-95f5-0df4c6c0837e,Thailand,East Lawrence,2523 Kathy Hollow
HOTEL,0c2f342c-2df1-400d-bcb6-f0118784f28c,"Williams, Jones and Williams Hotel",5,63cb1cd2-ebf3-4f5d-a1d5-4c2c036ac885,"Pierce, Walker and Gutierrez",Port Laura,3d357c2c-01f7-4460-afcb-bb093fcb69b6,Romania,Ryanview,809 Jeffery Park
HOTEL,663ae212-c201-43ad-b8a1-ab9101af83b7,"Barker, Swanson and Cox Hotel",1,57b81182-c992-4656-8610-a28d17b2451e,Thompson-Myers,Port Kayla,1509b162-613c-41c1-8565-37db1ef15c79,Turkmenistan,Jessicaland,331 Hanna Cape Apt. 684
HOTEL,0dc05a37-015b-48e4-8446-6300e437219a,Robinson-Vazquez Hotel,4,6290ce7c-54ba-4876-9e0c-430ea8166ac8,Moon and Sons,West Joshua,711e2e00-3b4d-4abc-ab13-e572f1418f84,North Macedonia,Baileytown,35916 Phillips Island Apt. 414
HOTEL,3def44bc-a5c2-4a66-bc44-ad293bebb493,Martinez-Sanchez Hotel,5,63cb1cd2-ebf3-4f5d-a1d5-4c2c036ac885,"Pierce, Walker and Gutierrez",Port Laura,c1ca8ab9-901e-44f3-a437-9244ce0fe423,Bahamas,Alvarezshire,77345 Smith Centers
HOTEL,9f3c2823-387f-43ef-8a43-7528e99d664b,Gonzalez-Wells Hotel,5,f1f2d2b6-b37b-4228-8148-7de142e3ba67,Reed Group,Port Earl,684d17b9-f9e9-4012-adc7-178f6352c788,Cameroon,Johnmouth,5789 Meyer Roads Apt. 515
HOTEL,799bd44c-a13b-48b7-9a5f-a2b5ea4e800b,Gates Group Hotel,4,6290ce7c-54ba-4876-9e0c-430ea8166ac8,Moon and Sons,West Joshua,6d1dd595-afc0-499c-8cef-1562c0ba4846,Burkina Faso,Lake Jacqueline,146 Ariel Cape
HOTEL,38e7c13e-c468-40d7-9df2-98a17226d59f,Keller Ltd Hotel,2,0b13f057-e189-4e8e-8def-83cd03bd2fbd,Brandt LLC,Colemanmouth,6cb042fd-4327-4144-8611-ba9f7c2cf040,Togo,Woodardville,765 Chen Green
HOTEL,d41038f9-3a2b-47fb-98e6-4a5614a703c7,Jimenez-Flowers Hotel,4,57b81182-c992-4656-8610-a28d17b2451e,Thompson-Myers,Port Kayla,9d9c6be8-1382-4b96-9481-acdfe1f8a0b6,Botswana,Lake Jessicabury,988 Beverly Meadow
HOTEL,48a33ac0-de66-445b-bed5-f4cecf695d74,"Baker, Hayes and Rodriguez Hotel",5,63cb1cd2-ebf3-4f5d-a1d5-4c2c036ac885,"Pierce, Walker and Gutierrez",Port Laura,9e272f0f-d928-403d-b232-3ee2fbdac46f,Malawi,Jeffreyland,3898 Melvin Neck
HOTEL,398d8d17-7d9c-4850-8f00-207612330468,Weeks Inc Hotel,4,20335948-2bcf-407e-a565-1bb67cb0ec50,Murphy Group,Johnbury,8074235f-076e-447f-a55e-197bf240bbce,Latvia,Desireemouth,1612 Cole Wall
HOTEL,ed9265dc-d6d6-4482-973c-eedd14ce3138,"Coleman, Stephens and Carlson Hotel",1,20335948-2bcf-407e-a565-1bb67cb0ec50,Murphy Group,Johnbury,162540ca-6d48-44b5-8a0b-7b67cd32f269,South Georgia and the South Sandwich Islands,Nathanielmouth,043 Lawson Brook
HOTEL,b97332a9-ebe0-4f07-b9dc-08f2a8e8c8e0,Murray Group Hotel,4,b11b2361-590a-4f45-94fd-a6c1393f87e1,Russell and Sons,West Mathewville,1509b162-613c-41c1-8565-37db1ef15c79,Turkmenistan,Jessicaland,331 Hanna Cape Apt. 684
HOTEL,be0c5419-26e0-47ed-b5a5-17f4db1245f2,"Dennis, Sullivan and White Hotel",2,d0f6b682-1344-4c88-abe4-717dbfde66f0,"Smith, Moore and Christian",North Breannachester,d806fd47-1888-4344-826f-55262d53e117,Mexico,Colleenchester,7990 Davidson Trail
HOTEL,3858882a-2425-4965-9368-49b99ed9c565,Davis-White Hotel,5,57b81182-c992-4656-8610-a28d17b2451e,Thompson-Myers,Port Kayla,8317ece6-8cae-4066-a649-c1dc60f0e9cf,United States Minor Outlying Islands,Kimberlyburgh,795 Christopher Curve
HOTEL,20480029-ffb2-4f1f-bc95-025b55325af8,"Chen, Hart and Mcdonald Hotel",4,f1f2d2b6-b37b-4228-8148-7de142e3ba67,Reed Group,Port Earl,8317ece6-8cae-4066-a649-c1dc60f0e9cf,United States Minor Outlying Islands,Kimberlyburgh,795 Christopher Curve
HOTEL,c757254c-45fb-4a4b-8525-129251a6b81e,Thompson Inc Hotel,1,57b81182-c992-4656-8610-a28d17b2451e,Thompson-Myers,Port Kayla,dcad3be8-ac65-4d21-854f-763eba42d177,Iraq,Amyhaven,37816 Amber Court
HOTEL,9be3615c-fe2b-4f97-a6fc-da1f9fe3190a,Young-Camacho Hotel,3,20335948-2bcf-407e-a565-1bb67cb0ec50,Murphy Group,Johnbury,1509b162-613c-41c1-8565-37db1ef15c79,Turkmenistan,Jessicaland,331 Hanna Cape Apt. 684
HOTEL,eac17380-809e-4c34-a24e-2b27dc31e7dc,"Burns, Johnson and Hansen Hotel",1,63cb1cd2-ebf3-4f5d-a1d5-4c2c036ac885,"Pierce, Walker and Gutierrez",Port Laura,28fe3039-0577-4d64-95f5-0df4c6c0837e,Thailand,East Lawrence,2523 Kathy Hollow
HOTEL,87b3b4dd-b496-413f-ac89-4922505a613c,Ewing-Riley Hotel,2,63cb1cd2-ebf3-4f5d-a1d5-4c2c036ac885,"Pierce, Walker and Gutierrez",Port Laura,e622d9d2-abf8-4515-8285-82bde5eb72fa,Honduras,Michelleport,1194 Barrett Field
HOTEL,f90344ad-d486-44a8-a0ff-1fd39f8ef723,Lewis Ltd Hotel,1,0b13f057-e189-4e8e-8def-83cd03bd2fbd,Brandt LLC,Colemanmouth,c1ca8ab9-901e-44f3-a437-9244ce0fe423,Bahamas,Alvarezshire,77345 Smith Centers
HOTEL,04ec1800-bfc4-4d0c-adfc-e7e7a1d26437,Dunn PLC Hotel,1,20335948-2bcf-407e-a565-1bb67cb0ec50,Murphy Group,Johnbury,8317ece6-8cae-4066-a649-c1dc60f0e9cf,United States Minor Outlying Islands,Kimberlyburgh,795 Christopher Curve
HOTEL,5795356f-15c6-4441-894e-ffc0ca8c171e,Hodges Group Hotel,4,6290ce7c-54ba-4876-9e0c-430ea8166ac8,Moon and Sons,West Joshua,dcad3be8-ac65-4d21-854f-763eba42d177,Iraq,Amyhaven,37816 Amber Court
HOTEL,ceb792d3-abf3-48cd-86ca-7674933c8b0f,Sexton-Barrett Hotel,5,20335948-2bcf-407e-a565-1bb67cb0ec50,Murphy Group,Johnbury,711e2e00-3b4d-4abc-ab13-e572f1418f84,North Macedonia,Baileytown,35916 Phillips Island Apt. 414
HOTEL,c8c27bf0-3034-48f8-996a-33cad02f00cf,Clay-Jones Hotel,4,20335948-2bcf-407e-a565-1bb67cb0ec50,Murphy Group,Johnbury,74a9676d-ed0f-4b1c-a983-3eaf9408a870,Isle of Man,Jennifershire,6698 Madeline Spurs
HOTEL,fc7150a0-f0e9-4f0a-b5be-9c43626950a9,Bell-Hayes Hotel,4,57b81182-c992-4656-8610-a28d17b2451e,Thompson-Myers,Port Kayla,fb35c8da-3266-4eb3-a119-4cdc142d7279,Malta,Port Frances,15560 Woods Loaf
HOTEL,fa376297-2ead-488d-9f1d-9705cc6d5a4a,Mason-Best Hotel,5,6290ce7c-54ba-4876-9e0c-430ea8166ac8,Moon and Sons,West Joshua,684d17b9-f9e9-4012-adc7-178f6352c788,Cameroon,Johnmouth,5789 Meyer Roads Apt. 515
HOTEL,53f1dfb3-d26d-4d3a-9546-0184d6dbc79d,Larsen Group Hotel,4,b11b2361-590a-4f45-94fd-a6c1393f87e1,Russell and Sons,West Mathewville,d9bb98f0-185e-4a0b-8cb0-147756f98b55,Iceland,Port Lisa,25062 Ellis Parkways Suite 777
HOTEL,4eb22fc9-21f4-4455-9a2a-a6136d25b907,"Davis, Zhang and Wyatt Hotel",2,b11b2361-590a-4f45-94fd-a6c1393f87e1,Russell and Sons,West Mathewville,eb20e290-53bd-483a-97dc-36680a7a32a5,Cocos (Keeling) Islands,Yoderfort,92907 Rachel Springs
HOTEL,a069f425-0e0b-4b22-8c5d-5d96d5cc57a2,Jacobs PLC Hotel,4,6dcc5985-bee2-465f-94c5-7a5c874678f6,Hahn PLC,New Laura,9e272f0f-d928-403d-b232-3ee2fbdac46f,Malawi,Jeffreyland,3898 Melvin Neck
HOTEL,90cdd515-334c-484c-8f7a-d523cc9b55af,"Collins, Nichols and Hayes Hotel",5,6dcc5985-bee2-465f-94c5-7a5c874678f6,Hahn PLC,New Laura,040a3219-af33-42f3-8d4b-1e0630888827,Estonia,Bradshawfort,33900 David Port
HOTEL,fbdbf762-3589-4b4d-abba-98180bdf5173,"Parrish, Baker and Dickerson Hotel",4,63cb1cd2-ebf3-4f5d-a1d5-4c2c036ac885,"Pierce, Walker and Gutierrez",Port Laura,ddde7a59-0181-4b84-a246-115ef38302a6,Syrian Arab Republic,Waltersmouth,3748 Mark Circle Apt. 497
HOTEL,28284a5f-79ab-4f6e-9a73-aa9202198d58,Smith Group Hotel,3,d0f6b682-1344-4c88-abe4-717dbfde66f0,"Smith, Moore and Christian",North Breannachester,c1ca8ab9-901e-44f3-a437-9244ce0fe423,Bahamas,Alvarezshire,77345 Smith Centers
HOTEL,f274c9cf-cd14-4dc4-a557-d9c3d43c17fd,Hill-Duran Hotel,4,6dcc5985-bee2-465f-94c5-7a5c874678f6,Hahn PLC,New Laura,8074235f-076e-447f-a55e-197bf240bbce,Latvia,Desireemouth,1612 Cole Wall
HOTEL,7b7b65cb-c13b-4983-8e78-82eab80e3f46,"King, Deleon and Avila Hotel",5,6dcc5985-bee2-465f-94c5-7a5c874678f6,Hahn PLC,New Laura,5f4379ad-6c1b-416a-ac4e-fb846e74c2fb,Denmark,Teresaport,7294 Laura Way
HOTEL,0a15a635-8a21-41be-9228-a5f7fc3daa92,"Jones, Mercado and Nichols Hotel",1,f1f2d2b6-b37b-4228-8148-7de142e3ba67,Reed Group,Port Earl,2ed1a6a1-9f65-417f-aba1-e2192ca7c719,Vanuatu,North Ronald,74202 Clark Roads Suite 419
HOTEL,3df09898-50f8-4c4e-b3b2-c6612dce1c06,"Russo, Thomas and Lee Hotel",1,d14f070d-f97c-4b2e-9d6c-edf706f1b57c,Johnson LLC,Martinhaven,9eeea069-a3c6-4fe2-859e-a758a0f434c9,El Salvador,Williamshaven,54286 Michael Walks
HOTEL,03a7ed38-13b6-4aed-a97d-d15232552913,Adams and Sons Hotel,2,f1f2d2b6-b37b-4228-8148-7de142e3ba67,Reed Group,Port Earl,3a8d8bce-7224-43f6-88dc-b2329000169a,Azerbaijan,Meganfurt,86700 Raymond Dale
HOTEL,41a54b76-a74f-4ff1-b112-b32557c91c84,Bishop PLC Hotel,5,20335948-2bcf-407e-a565-1bb67cb0ec50,Murphy Group,Johnbury,6d1dd595-afc0-499c-8cef-1562c0ba4846,Burkina Faso,Lake Jacqueline,146 Ariel Cape
HOTEL,f19c4cbf-66b9-4336-8fb7-d96c9b06e3e7,Myers Group Hotel,5,57b81182-c992-4656-8610-a28d17b2451e,Thompson-Myers,Port Kayla,86d802c8-d3f4-4ff0-9d6a-736b40012a50,Trinidad and Tobago,East Juanburgh,86061 Christine Ridges
HOTEL,c99daea5-ad6e-47d7-94b3-55bdcfcf6acb,Jones Inc Hotel,4,63cb1cd2-ebf3-4f5d-a1d5-4c2c036ac885,"Pierce, Walker and Gutierrez",Port Laura,26509dc6-11e9-4e3a-9e91-bd7606114c34,Mali,Lisatown,660 Jason Valley Apt. 943
HOTEL,cdf6b1b2-6970-457a-835c-710ac91e241b,Fisher-Armstrong Hotel,2,63cb1cd2-ebf3-4f5d-a1d5-4c2c036ac885,"Pierce, Walker and Gutierrez",Port Laura,d9bb98f0-185e-4a0b-8cb0-147756f98b55,Iceland,Port Lisa,25062 Ellis Parkways Suite 777
HOTEL,cc0bb177-53ed-45be-978d-8e3ab2aaa670,Ibarra-Garrett Hotel,3,b11b2361-590a-4f45-94fd-a6c1393f87e1,Russell and Sons,West Mathewville,040a3219-af33-42f3-8d4b-1e0630888827,Estonia,Bradshawfort,33900 David Port
HOTEL,f1b5faae-1eb2-4718-ae51-f33376cdbc66,"Miller, Miller and Melton Hotel",5,6dcc5985-bee2-465f-94c5-7a5c874678f6,Hahn PLC,New Laura,3a8d8bce-7224-43f6-88dc-b2329000169a,Azerbaijan,Meganfurt,86700 Raymond Dale
HOTEL,de6faef7-263d-4946-ac26-02aa4ea7c0fb,Ryan Inc Hotel,4,d0f6b682-1344-4c88-abe4-717dbfde66f0,"Smith, Moore and Christian",North Breannachester,ddde7a59-0181-4b84-a246-115ef38302a6,Syrian Arab Republic,Waltersmouth,3748 Mark Circle Apt. 497
HOTEL,a67c1da3-2127-432c-93d4-7ecaf0c77867,Owens-Martinez Hotel,3,0b13f057-e189-4e8e-8def-83cd03bd2fbd,Brandt LLC,Colemanmouth,1509b162-613c-41c1-8565-37db1ef15c79,Turkmenistan,Jessicaland,331 Hanna Cape Apt. 684
HOTEL,b9e0b93e-e706-4e10-a187-5ba2bf7b3b98,"Wright, Hampton and Patterson Hotel",4,20335948-2bcf-407e-a565-1bb67cb0ec50,Murphy Group,Johnbury,43d265b7-2618-41e7-911c-5b33d675794e,Austria,Port Anthonyfort,45713 Abigail Shoals
USER,ed2b1c2a-46b0-4401-98d8-c479da4946c3,Andrew Young,bernardsmith@example.net,guest,,,,,
USER,5316f4bf-0f9e-4b98-a02f-4a187cfffc1b,Holly Farmer,robinroberts@example.net,guest,,,,,
USER,dbd730b2-37b5-4636-b87c-fe808b72da75,William Allen,dkirk@example.net,admin,,,,,
USER,824d0176-5b0d-421c-82fd-1af24c2d4bee,Ronald Sullivan,dorseyheather@example.net,admin,,,,,
USER,8a84b13f-3a09-44fd-b074-08a0395e731e,Tracy Henry,spencer79@example.com,guest,,,,,
USER,be92b878-b37f-4e0b-8eb1-10ccc5936faa,Tracy Stafford,hbrooks@example.net,guest,,,,,
USER,295fe304-b15c-409a-bb99-afb38743b5fa,Samantha Hoover,robert05@example.org,guest,,,,,
USER,cee39b7e-6c53-438e-bdc9-60ca90b7f92a,Mark Jones,sullivanangela@example.net,admin,,,,,
USER,fb478d4b-4c34-4463-8efe-985917bcc3c8,Patrick Hogan,michaelperez@example.org,guest,,,,,
USER,e29cc1d3-ead9-45c7-a508-fbf9af76ee86,Steven Mcclain,wrightmelissa@example.net,admin,,,,,
USER,3ae8f557-a7c8-422c-9b3a-5f2cd5e1b56c,Susan Morris,ashley36@example.com,admin,,,,,
USER,aa256ca5-407c-41e5-acdd-c5066b243736,Patrick Ward,vfowler@example.com,guest,,,,,
USER,4c9ede92-f893-41a7-8641-f423633fb8a7,Tami Foster,trevorrosales@example.com,guest,,,,,
USER,4152388a-f9aa-4cfb-ac91-279a6cbaa07c,Jennifer Davis,ocooper@example.com,guest,,,,,
USER,eb5e9452-77d3-4185-bf1b-89b0c52c1e53,Cynthia Jimenez,zphelps@example.org,guest,,,,,
USER,d4f4d3c9-6c21-42f3-a531-cdf8cb1853a1,Tony Flynn,ibruce@example.net,guest,,,,,
USER,cfe3541e-b5cc-4cae-8391-ae54e94b25cc,Kayla Baker PhD,andrewvalenzuela@example.net,guest,,,,,
USER,7a19a7fc-dea8-4748-8644-b85795674306,Isaiah Bennett,katrinamorse@example.net,guest,,,,,
USER,7ee4979d-2eb8-4c90-9600-21b2586e77b6,Rebecca Fuller,brooke61@example.com,admin,,,,,
USER,b5b43c79-7803-49a9-b6bb-a147b60f173d,Charles Huerta,albert66@example.org,guest,,,,,
USER,1c5a43a2-9b97-4c40-9143-18e97f48ce5e,Chad Johnston,moorejillian@example.org,admin,,,,,
USER,ca3598ce-cebf-465d-9a80-1eb2a3377f64,Paul Montgomery,nathankelley@example.org,guest,,,,,
USER,c6566c82-1002-4d9c-a2f4-dade7d27ee47,Emily English,esolomon@example.org,guest,,,,,
USER,b676477c-692d-458e-8d3b-42b9128924b3,Jill Mcneil,hbrown@example.org,guest,,,,,
USER,8b0252ce-5942-43a5-b072-063a4f9e2aa0,Daniel Lewis,kevin70@example.com,guest,,,,,
USER,8ed13e38-6e22-4ae5-bb5d-748dda327655,Megan Schroeder,ritabaldwin@example.org,guest,,,,,
USER,f876dc0a-63b8-4bf7-a6d0-64d40b95518d,Patricia Hudson,shawna43@example.org,guest,,,,,
USER,4f26029f-055c-4f7b-9b70-ba18d43a9b22,Elizabeth Villarreal,brownjoseph@example.org,guest,,,,,
USER,33a13e4f-d3fe-4994-9ffd-aaa5721837a2,Jeff Morrison,pschaefer@example.net,guest,,,,,
USER,af4ec2b4-afad-4c37-b7e0-2b62aa9d81a0,Kimberly Mills,zachary87@example.org,guest,,,,,
USER,392da4f9-9507-4a01-91a2-b24bc0c88363,Alyssa Cain,reynoldsnicole@example.org,guest,,,,,
USER,61f9d344-d82d-46f9-86e9-7db2c32f8ebb,Crystal Blair,jaylamb@example.net,guest,,,,,
USER,28f6bf8f-8bc9-4e0c-8ee2-587470c0d661,Jessica Watson,gary04@example.com,guest,,,,,
USER,2d433d0f-0c6a-4715-b2f5-e5e62631cc07,Jamie Long,smithmelvin@example.net,admin,,,,,
USER,5994e7b0-1b30-4b1b-bf7e-30b6264e9451,Jeremy Mercer,john10@example.net,guest,,,,,
USER,fda51abb-064c-4086-98a9-66de2615c0fc,James Santos,melaniehawkins@example.org,guest,,,,,
USER,f8c92571-3340-44d1-abbe-637ad50ec4ff,Grace Thomas,brandilong@example.net,admin,,,,,
USER,c8d51adc-e299-47c7-9d8a-81f090651328,Cassie Chang,lhall@example.net,guest,,,,,
USER,f837a4fb-ee7a-48f3-b458-71fa71167add,Zachary Walker,martinezstephanie@example.com,guest,,,,,
USER,a040d24f-7f52-4c18-9fcf-b6ac58bb73fc,Gary Jordan,murphyadam@example.net,guest,,,,,
USER,f11ab2fe-4b19-4503-9def-95fa8ace16a4,Annette Jones,johnsonyolanda@example.com,guest,,,,,
USER,7620f6a3-8b53-4f9d-923e-8db31f41d099,Bradley Gray,teresalang@example.net,guest,,,,,
USER,ea638ddf-9ab9-4977-b26e-6156e19d90bc,Billy Flores,tarahutchinson@example.net,admin,,,,,
USER,52d4b355-3093-441a-b40e-cb8c71956dca,Sean Foster,jose58@example.org,guest,,,,,
USER,4c525d49-e2fe-4cb8-bdb6-e2f7b7519acd,Stephen Sullivan,lhoffman@example.net,guest,,,,,
USER,1d0c1f38-2d11-491a-90be-94ce06fb22d2,Rick Gonzales,melissastrickland@example.net,guest,,,,,
USER,d95ce934-0422-4e56-8bd7-613a8b11b73a,Kelsey Abbott,davidcox@example.com,guest,,,,,
USER,ed27f192-beff-4f7d-bd67-573cd9cda82c,Melissa Townsend,deniserichards@example.org,guest,,,,,
USER,2950e6b6-bc52-4703-91bc-81c06857ef07,Morgan Cooper,ryanmartin@example.net,guest,,,,,
USER,ff015a8d-189b-403e-9071-3661dd7fe22e,Amy Wagner,brooksdennis@example.org,guest,,,,,
USER,9a9beb1c-1ead-4396-acce-097cabc9915f,Laura Douglas,leeclark@example.net,guest,,,,,
USER,58746fde-db02-4879-ba81-1c0099bd1344,Adam Clark,zjohnson@example.org,guest,,,,,
USER,b902629f-5540-49cc-8c56-f3a3304934ac,Kayla Scott,perezhannah@example.com,admin,,,,,
USER,412bb515-05f0-43bc-84ea-a972528f143a,Robert Fuller,higginsmichael@example.net,guest,,,,,
USER,fda162ec-4bf9-441e-9015-b0c21b5ee4b6,Michelle Hernandez,floydrobert@example.net,guest,,,,,
USER,36be592c-29f8-4c4d-923b-8081a08c2c79,Dennis Cooper,castilloregina@example.com,guest,,,,,
USER,e1eda9bc-1c55-450e-b4db-dffb82af4331,Yvonne Wood,cjones@example.com,guest,,,,,
USER,a8c3eda4-c0e3-4a37-a63c-6588425a0c4f,Ashley Lopez,kelly43@example.net,admin,,,,,
USER,80bbb46c-e793-424f-8aa2-189030b36784,Jonathan Mckinney,paul92@example.net,guest,,,,,
USER,663f83fc-8ceb-4986-bea2-5f7a584efc83,Derek Davis,vmcknight@example.net,guest,,,,,
USER,2dafb5ab-25db-464a-a23a-a785c5105da1,Courtney Smith,rmcdonald@example.org,guest,,,,,
USER,462d98a4-afec-43b9-b61d-d2f622e9a494,Darin Gilbert,roseanna@example.com,guest,,,,,
USER,fc6b6674-5a63-40fc-a6dd-1bc076ba3ff9,Danielle Harris,davidroth@example.net,admin,,,,,
USER,7eb37eab-88d8-4740-9947-9c4074e2f991,Nicholas Hays,ortizmatthew@example.org,admin,,,,,
USER,51e5ec3e-af96-4c0e-a427-ec51ecb64e1e,Brian Zhang,jared96@example.com,guest,,,,,
USER,05327a3f-32c0-4f20-a9dc-d218b8c32a6c,Michelle Mora,arielwilson@example.com,guest,,,,,
USER,7ad079ee-b4ab-4949-ac83-cde506bd90d5,Heather Wallace,warrenkaren@example.org,guest,,,,,
USER,fe4edce6-d089-4c8f-87d8-06485fc91355,Jennifer Nichols,tgillespie@example.com,guest,,,,,
USER,d538b43a-18c5-4ef0-a3ff-fd359864509a,Steven Young,anthony40@example.org,guest,,,,,
USER,0121fdda-3011-42de-b983-5ae5e86925fd,Brittany Davis,tim53@example.net,guest,,,,,
USER,9fdab59b-5386-49ad-afbd-ee8a0dd1899d,Seth Wood,qgalvan@example.net,guest,,,,,
USER,dcdb38ea-69b8-4ded-b37e-4c4cb2ca7cf6,Michelle Rogers,qwilson@example.com,guest,,,,,
USER,63d21aa5-3bee-4246-bc00-4d306f75f55b,Brandon Hahn,ufigueroa@example.com,guest,,,,,
USER,0498a73a-eb3e-44c7-b4ba-9e04a265a1d8,April Smith,michelle90@example.com,guest,,,,,
USER,01d7ee89-2d66-487f-a55b-b70b0361a1d1,Michael Davis,hudsonkeith@example.com,admin,,,,,
USER,dc483a86-f2de-43f2-a097-03b249b01de1,Heather Schwartz,brandonramsey@example.com,guest,,,,,
USER,7e03807e-ab27-4ce6-bd6d-3882bf7c1ea6,Jessica Williams,browneric@example.org,guest,,,,,
USER,e489e0fe-bf61-40e9-afcf-91fdc29648c5,Gregory Benton,jacobsondaniel@example.org,guest,,,,,
USER,4f52b83b-7d9a-4fca-8de2-b3e72171f4dd,John Wells,castrothomas@example.com,admin,,,,,
USER,1d97efc3-56dd-43d1-bd32-c2077eff643b,Jacob Ortiz,christinabrock@example.org,guest,,,,,
USER,222fff42-ccbc-4af3-bf1d-43a78a6cf586,Jeffrey Vang,mwhite@example.org,admin,,,,,
USER,c6bf6cac-0032-41d6-bbe7-9a7e70a4f284,James Martin,ejackson@example.net,admin,,,,,
USER,c1cfbc67-b09d-465f-a444-fe7c34eb36d2,Bridget Mullins,katherineromero@example.net,guest,,,,,
USER,df997752-4791-4343-b5c2-7b4e75f3bfd3,Kristopher Smith,regina51@example.com,guest,,,,,
USER,09f72389-663c-434a-9e9d-ae17ff6e686c,Steven Anderson,carlhunter@example.com,guest,,,,,
USER,ccb7cec8-b4ac-429d-8e7e-0a85902d2af9,Valerie Estes,wbrown@example.org,guest,,,,,
USER,2e0cfc1f-a747-44b9-8317-4fac9044348f,David Hickman,cmooney@example.com,guest,,,,,
USER,5b2abe21-e90e-48ae-b962-14c5dd412c6d,Nicole Thomas,lynn93@example.net,guest,,,,,
USER,6b6ef403-8ae4-4fb2-a692-16a129a8cf5c,Jacob Sanders,longryan@example.org,guest,,,,,
USER,146ce826-d323-426a-b458-4cf31cccc130,Charles Robinson,peter05@example.net,guest,,,,,
USER,4d457a09-0a8d-43cf-bb0e-73cf1084b6c2,John Johnson,jsmith@example.org,guest,,,,,
USER,820b01d8-35f8-4733-9667-c0d3534e3410,Autumn Scott,gweaver@example.com,guest,,,,,
USER,c839a7e0-4ba2-4091-9c4a-fbe138138ca7,Gabriel Russo,valdezbeth@example.com,guest,,,,,
USER,ab021282-a33f-4861-837e-b432518bfdcc,Karl Roth,harrysullivan@example.com,guest,,,,,
USER,8c76ea02-1062-4b92-a3c5-b9b23429ddf5,Joe Payne,tara62@example.com,guest,,,,,
USER,6cd12ad5-bd5d-4d3c-b683-ca394c5f98c3,Jennifer Johnson,jamesthomas@example.org,guest,,,,,
USER,9a85fbad-92fc-42c5-bc09-45038833b80b,Richard Gardner,amandapetersen@example.net,admin,,,,,
USER,352df838-d15f-4b22-afb3-7f431abc3c67,Susan Church,markbutler@example.net,guest,,,,,
USER,8d4eefde-c5d0-4585-8579-f7c9902ae15b,Amanda Sellers,haleharry@example.org,admin,,,,,
USER,aa5b2315-8732-4ed0-a2a1-9119aac9b2ae,Gloria Lewis,pmiller@example.net,guest,,,,,
USER,19a45de4-80f7-4ffb-a68d-5dc6e21f2d3c,Jacob Nolan,andrewmeyer@example.com,guest,,,,,
USER,44de43d3-fc4a-4795-8c59-3b3a9385b09c,Brandon Werner,joseph46@example.com,guest,,,,,
USER,abb3c0dd-6940-4e72-8052-0d4ac1b8f635,Michael Munoz,moraleskaren@example.com,admin,,,,,
USER,2f3fd5e3-f6dc-4de1-9d93-bb879a554080,Andrew Murphy,lanceguerra@example.com,admin,,,,,
USER,c3eb4fc7-7d83-484d-81a0-1e95d89e3eb0,Karen Henderson,mgonzales@example.org,guest,,,,,
USER,fb1279b9-a288-4bc4-a87c-796846ddb4c9,Anthony Bishop,wilsonheather@example.net,guest,,,,,
USER,562cfbff-3c4d-4b68-b825-39bfc2461c02,Caleb Allen,jeffrey18@example.com,guest,,,,,
USER,ce0d7730-9614-47c1-b5d4-0fddefd70df5,Ronald Manning,justin34@example.net,guest,,,,,
USER,8a1f74a7-2a46-409d-8ef3-08474e09e4fc,Angela Ayers,ebaker@example.org,guest,,,,,
USER,cd2ebd4d-81c8-40b2-ac6f-4f0406410647,Sherri Yates,zwood@example.net,guest,,,,,
USER,d14e4286-89d3-42f4-a936-7511878924ed,Kent Mitchell,rachelwhite@example.net,guest,,,,,
USER,e1921e94-0bc2-4c89-a0a4-2da9f4e85988,Robert Dominguez,wattsheidi@example.com,guest,,,,,
USER,cab8bb64-cc1a-4d9c-a9d4-4681931f5e71,Thomas Cruz,thomaskathryn@example.net,guest,,,,,
USER,1ad09614-3ed0-4f3d-aaf6-b6091739dfcc,Michael White,ushort@example.com,guest,,,,,
USER,a8f2fd5e-2d57-4785-b979-256a0e5315c0,Shannon Salazar,spencerpaul@example.org,guest,,,,,
USER,f14f98fe-8120-4adf-bdac-ea1b296d3b41,Thomas White,williamssamantha@example.com,guest,,,,,
USER,ed5344ec-5169-4cfb-8d1a-80fdb359b55c,Bruce Duke,mackcathy@example.net,guest,,,,,
USER,555b8c70-8e96-4fc4-a0e6-13f1b73e642c,William Taylor,jonesdavid@example.net,admin,,,,,
USER,1a6e0f14-df58-4180-98fb-abcfb9428b95,Kimberly Young,courtneymaxwell@example.com,guest,,,,,
USER,bd071a87-0e04-4828-a9cb-4079c7ba5900,Diana Douglas,lorettatran@example.org,guest,,,,,
USER,3d0ff85c-aaf2-4147-bdd3-dec230b97d0d,Jennifer Higgins,asilva@example.net,guest,,,,,
USER,32d27c55-9da6-44b8-9cfe-50fcfa3e760f,Tyler Hunter,uvargas@example.com,guest,,,,,
USER,a9294810-71b2-453c-9eb1-c2bd2b5557e4,Lori Turner,allisonchristina@example.com,guest,,,,,
USER,7e2aa709-e364-4085-81e3-b87affc3057c,Timothy Olson,andrew66@example.org,admin,,,,,
USER,0a524c6b-af9c-4e42-a605-a3dbfbaaa0d2,Christopher Miller,deniseharper@example.org,guest,,,,,
USER,90164c99-8c11-4612-904c-2d1f7f7e2091,Michael Dixon,beth53@example.org,guest,,,,,
USER,dec4085c-79f2-42d3-ae34-93d2e93e7333,Vanessa Tanner,youngreginald@example.net,guest,,,,,
USER,fac82ba0-65ed-4bf1-9ee6-626ee226a09a,Chelsea Henderson,jessegarcia@example.org,guest,,,,,
USER,2e470d81-6783-4e72-9649-84279ddd63a6,Marcus West,mkeller@example.org,guest,,,,,
USER,062de416-8070-41c4-b170-d8563afd59b0,William Jones,murphyscott@example.org,guest,,,,,
USER,aaeb32c3-9767-4edf-9a87-944456584307,Erika Hendricks,hansonpaul@example.org,guest,,,,,
USER,c0e896ac-7bf9-410b-b34d-9b1e8245fe05,Mr. Matthew Sanders,ronald16@example.net,guest,,,,,
USER,bebf70cc-2fb4-4930-ab2a-aa47e99264df,Billy Smith,palmercandice@example.com,guest,,,,,
USER,8ca8625b-540f-4cbb-a113-f3cdd0fca519,Kyle French,smithrebecca@example.com,guest,,,,,
USER,7b5993ab-665b-4793-9594-58e5f4202280,Thomas Ramirez,terryrobin@example.com,guest,,,,,
USER,395a6c59-0a5b-4832-84ce-f1f71c5253a0,David Mclean,martinhamilton@example.org,guest,,,,,
USER,f3f805da-6b9a-4f61-ae31-f9d5de6f575b,Harold Steele,devin84@example.org,guest,,,,,
USER,23695dc4-a4bc-4386-ae16-d486e1a27ee9,Amanda Stevens,jacob78@example.net,admin,,,,,
USER,66982bdf-2e03-4036-a43a-1807cc9f9873,Brenda Wells,sean99@example.org,guest,,,,,
USER,aba42450-7969-40f0-b825-96b7c0541d5f,Sharon Watson,leslie73@example.org,guest,,,,,
USER,66f9331c-4a36-4256-a143-c4ecacd5241f,Sheri Robertson,ewright@example.org,guest,,,,,
USER,ae455a6f-ba88-48ed-8002-b1aa0f804fa7,Earl Sampson,reginald28@example.net,guest,,,,,
USER,313393fa-6b7e-4817-9e8f-f48cdd0341a2,Jessica Macias,beverly19@example.net,admin,,,,,
USER,349301f2-22d8-4130-a6df-53a8642719bc,Emily Frost,crystalhoffman@example.org,guest,,,,,
USER,31515845-fb8c-4403-ac41-a6c97de6a840,Elizabeth Hopkins,susanbush@example.org,guest,,,,,
USER,85d299f7-7c42-4d77-b67b-507cc393bcb5,Cheryl Robinson,martinmatthew@example.net,guest,,,,,
USER,149d7a28-827b-4035-a344-bb68155bc706,Jared Henderson,burnsemily@example.com,admin,,,,,
USER,1cacb171-f87b-4b44-8340-976c4f2f5f9f,Kendra Grant,bmendez@example.net,guest,,,,,
USER,0bfdc355-960b-4669-b0ed-5d2f1316d12a,Gina Harrison,smacias@example.net,guest,,,,,
USER,57c082af-a6fd-4e60-aa2e-8bceb3c4c198,James Tyler,jamesjohnston@example.org,guest,,,,,
USER,ad773ce8-2abb-428a-b263-940803a23a50,Sonya Lopez,austinbutler@example.com,guest,,,,,
USER,d379a2bc-69fb-46fc-9766-5d985a7502f9,Michael Frye,joshuaphillips@example.net,guest,,,,,
USER,256d66d3-da6f-4a66-8b81-91680c32f639,Marvin Walls,barbaradavis@example.com,admin,,,,,
USER,65a49fff-d471-4147-a35a-3f7f78c2cd89,Michelle Alvarez,rburgess@example.net,guest,,,,,
USER,c548d981-9680-425e-9697-d07676c21d85,Haley Patel,jhinton@example.com,guest,,,,,
USER,d545dd3e-cf84-4281-a6c5-96a8dd6d2b62,Shane Robinson,lhenry@example.net,guest,,,,,
USER,f9f8596a-c240-496e-a973-008be2a75009,Alisha Nunez,bhill@example.net,guest,,,,,
USER,3449bf28-dba5-4133-a484-6dd247d96b24,William Ward,mosscathy@example.com,admin,,,,,
USER,b3dd5190-0d1e-4c1e-a5b5-d7268d21f3a9,Melissa Shaw,michellewilkinson@example.net,guest,,,,,
USER,3d467a27-1d9e-46c9-bda3-93048d187985,Joshua Simpson,mlittle@example.net,guest,,,,,
USER,54f663bb-0be6-4702-8447-8437f970a560,Jeffery Wright,fernandezamanda@example.com,guest,,,,,
USER,f17e7300-8f5c-49a2-bf3e-170fa38e9245,Lisa Curtis,abaker@example.org,guest,,,,,
USER,01146f8b-d797-4ac8-b6fa-8369cc22debc,Brett Mcdonald,echapman@example.org,guest,,,,,
USER,e426c78d-105d-418e-af81-b3b6c51dbf9c,Jonathan Neal,pcochran@example.org,guest,,,,,
USER,be038a43-8707-42fb-97ee-3dbd0d8bef3c,Mason Clark,kimberly65@example.org,guest,,,,,
USER,433f5cdf-2254-4483-9a75-59c945e4c02d,Cindy Miranda DVM,marshalljennifer@example.com,guest,,,,,
USER,0be3a4a7-cd9c-44cb-8bbb-bbba1c0eeee2,Chad Medina,sara99@example.com,guest,,,,,
USER,7aaba350-9bf7-48d2-adc1-dcd4671664af,Leslie Brown,oscar28@example.net,guest,,,,,
USER,abc9b134-18dc-4388-bfc9-36abdede0dd8,Kelly Franco,bradley40@example.com,guest,,,,,
USER,35a634f3-c1d7-4d4c-b2cf-a541b8287ff5,Jason Silva,johnsonchelsea@example.net,guest,,,,,
USER,e56fb607-ed44-412b-85d8-126fbdf3e876,Christopher Walsh,glassnorman@example.net,admin,,,,,
USER,6082f9c7-43e6-48f1-bb98-bcf53c8aea14,William Weaver,ehuerta@example.net,admin,,,,,
USER,00758169-8997-43bf-bf2a-f50edf59fa4d,William Bartlett,christopherjenkins@example.net,guest,,,,,
USER,42ecb981-9c86-442a-852f-bc1a0482cfd0,Matthew Roman,chelseataylor@example.net,guest,,,,,
USER,95695487-5f2c-454f-a982-62b5dc9aedf9,James Solis,maryalvarez@example.net,guest,,,,,
USER,acb1b3b7-e025-48b0-a3ec-c5a33e3f8921,Jose Garcia,kylecarlson@example.org,guest,,,,,
USER,6eb1550e-9808-4acb-aeb8-3ad230efd1e4,Joseph Morrison,fthomas@example.org,guest,,,,,
USER,af2e5117-2be4-4479-af44-c00442f3bb74,Catherine Neal,lstevens@example.com,guest,,,,,
USER,122573d8-74b7-4dd1-a314-50b0387be61a,Jennifer Erickson,collieramy@example.net,guest,,,,,
USER,8f0731e2-8ceb-470d-b706-ae95f0a087c4,Jason Haynes,sdunn@example.com,guest,,,,,
USER,1068d087-f641-482b-bd30-57f55fd79fe9,Karla Hebert,zsanchez@example.net,guest,,,,,
USER,b28da413-a0a9-4f23-9608-601943e5e00c,Courtney Bailey,jessica51@example.org,guest,,,,,
USER,720e4ed2-5686-48c5-b7b6-a1d5d98a667f,Emily Anderson,crosbyandrew@example.org,admin,,,,,
USER,86955de8-2cb8-4124-bb56-a7fb87ef788c,Nicholas Riley,thomasfoster@example.org,guest,,,,,
USER,8e88d9b1-aecc-4a09-8cf6-43d22a535c0e,Diana Rodriguez,kmacdonald@example.org,guest,,,,,
USER,b68f736b-0420-407f-84d5-09e1614c6e5a,Wayne Barnes,ndillon@example.com,guest,,,,,
USER,022e135e-484a-4e01-b072-4c12289dd79b,Ashley Ellison,kgordon@example.org,guest,,,,,
USER,43c74092-adf6-46a9-b0b0-66d502e36de2,Thomas Larson,murraybrent@example.net,guest,,,,,
USER,5606f344-132b-48b5-a98d-342d068cc842,Sarah Nelson,john38@example.org,guest,,,,,
USER,c1323c75-727d-4566-837a-46375fc574e6,Kathleen Ortiz,frederickcampbell@example.net,guest,,,,,
USER,6ab7e15c-2bc2-4180-a70b-b0cf6d4a751a,Elaine Burton,ttucker@example.org,guest,,,,,
USER,ff9acf3e-ad47-462c-ba90-4e7e7c2460d2,Monica Martinez,brendakhan@example.org,admin,,,,,
USER,470763b5-eebe-4731-af3f-b3f24c65c684,Lori Sanchez,rwilliamson@example.org,admin,,,,,
USER,063237a9-db5c-4f01-87c1-979dbfbc9044,Collin Taylor,annagreen@example.org,guest,,,,,
USER,89e23cdd-c10a-42f3-a3f8-28933a508bc7,Jessica Cunningham,matthew59@example.com,guest,,,,,
USER,c84c6da6-8cb6-46ce-b2ec-36202bb41f96,Danielle Bryant,ravenwilliams@example.org,guest,,,,,
USER,c0582ec7-c4c6-476d-9d6a-d780c417a1c1,Katie Smith,anthonylittle@example.com,guest,,,,,
USER,8147456a-b7c6-43f8-a30e-34e7257d6ad6,William Galloway,barbaraconner@example.com,guest,,,,,
USER,c8f8ac36-925d-4bc3-b357-72e7680cf8d3,Mark Harrison,jordan75@example.org,guest,,,,,
USER,03317407-d137-4215-90fe-4b88c1193b19,Hayley Burns,amberrice@example.com,guest,,,,,
REVIEW,31bbdfad-5ab6-4cac-9e56-3307a82ddace,be0c5419-26e0-47ed-b5a5-17f4db1245f2,e426c78d-105d-418e-af81-b3b6c51dbf9c,8,Create exactly simple determine final current page.,,,,
REVIEW,f9251985-286d-44c2-9a41-5d1377bc2e1d,b9e0b93e-e706-4e10-a187-5ba2bf7b3b98,f14f98fe-8120-4adf-bdac-ea1b296d3b41,1,Mr sport grow newspaper community.,,,,
ROOM,2a5364b9-9836-4738-8fe7-6bbd7cc3fbf2,87b3b4dd-b496-413f-ac89-4922505a613c,192.19,True,suite,4,,,
ROOM,5f48f869-72c7-4a82-8fda-4ae41cdcbfe4,87b3b4dd-b496-413f-ac89-4922505a613c,235.31,False,suite,3,,,
ROOM,acba314b-3ec2-4e58-9547-a7aea1152d8d,03a7ed38-13b6-4aed-a97d-d15232552913,71.07,True,standard,True,,,
REVIEW,253932e2-082b-4754-a93b-9dd544210594,a069f425-0e0b-4b22-8c5d-5d96d5cc57a2,0be3a4a7-cd9c-44cb-8bbb-bbba1c0eeee2,8,Put health performance each media.,,,,
ROOM,65ae0e06-604f-44bb-9cf3-264820bcc95b,fc7150a0-f0e9-4f0a-b5be-9c43626950a9,289.55,True,suite,1,,,
REVIEW,a7bbe478-8d68-410f-a2c4-80be89687cb9,41a54b76-a74f-4ff1-b112-b32557c91c84,28f6bf8f-8bc9-4e0c-8ee2-587470c0d661,5,Over almost think else cost while safe.,,,,
ROOM,e13b339f-6082-4a45-9888-f0229f7b8ad3,f19c4cbf-66b9-4336-8fb7-d96c9b06e3e7,202.5,False,standard,False,,,
REVIEW,2553be05-4dbf-4e29-ac70-69196897419d,398d8d17-7d9c-4850-8f00-207612330468,cfe3541e-b5cc-4cae-8391-ae54e94b25cc,4,Cup then energy house.,,,,
REVIEW,9515ab61-b859-48e1-944c-f7bb2f3e330d,c757254c-45fb-4a4b-8525-129251a6b81e,31515845-fb8c-4403-ac41-a6c97de6a840,6,Impact military imagine dark kind tend.,,,,
ROOM,f63d4c1a-fb81-407a-ad11-67e0a9a9f5f5,088a0975-f95b-4eb9-b9bc-c563e6f0070e,397.05,False,suite,4,,,
REVIEW,e24e4fbe-da02-467f-8771-e4f7756768d9,cdf6b1b2-6970-457a-835c-710ac91e241b,c6566c82-1002-4d9c-a2f4-dade7d27ee47,7,Technology never role evening offer now thousand.,,,,
REVIEW,55c7c947-d388-4b98-9b07-76b0933ce450,c8c27bf0-3034-48f8-996a-33cad02f00cf,a040d24f-7f52-4c18-9fcf-b6ac58bb73fc,6,Seek leader there example central.,,,,
REVIEW,31764193-3bea-4dc0-8ea2-c0b4c470c71f,4eb22fc9-21f4-4455-9a2a-a6136d25b907,6ab7e15c-2bc2-4180-a70b-b0cf6d4a751a,9,Necessary remember section company out.,,,,
ROOM,c812aea0-1110-4276-97e3-ab8719d39043,04ec1800-bfc4-4d0c-adfc-e7e7a1d26437,377.33,True,suite,3,,,
REVIEW,501baa9d-53e4-4044-af7b-9c408df6e40b,cdf6b1b2-6970-457a-835c-710ac91e241b,b5b43c79-7803-49a9-b6bb-a147b60f173d,8,Hear onto already thought partner.,,,,
REVIEW,aed49ccd-984e-4f24-b6a5-2b932ac60294,f274c9cf-cd14-4dc4-a557-d9c3d43c17fd,00758169-8997-43bf-bf2a-f50edf59fa4d,1,Effort central significant whatever manage region run.,,,,
ROOM,6e408fe7-c6b9-4360-8398-640e8e9a2df2,0a15a635-8a21-41be-9228-a5f7fc3daa92,109.86,True,suite,1,,,
REVIEW,29a61082-d616-4990-9715-e977300af53d,f1b5faae-1eb2-4718-ae51-f33376cdbc66,52d4b355-3093-441a-b40e-cb8c71956dca,8,Include more able.,,,,
ROOM,255cd48a-9b25-4468-8b58-d5e7dc40b37c,663ae212-c201-43ad-b8a1-ab9101af83b7,173.75,False,suite,1,,,
REVIEW,92da7ea7-7d36-4ac3-9ed4-adf5c62d5a72,fbdbf762-3589-4b4d-abba-98180bdf5173,d4f4d3c9-6c21-42f3-a531-cdf8cb1853a1,10,What just wish top leave.,,,,
REVIEW,01caeb64-456f-4f55-966d-87c90b72ddc9,fbdbf762-3589-4b4d-abba-98180bdf5173,122573d8-74b7-4dd1-a314-50b0387be61a,10,Religious occur necessary upon item indicate meet.,,,,
REVIEW,6a085ccc-4926-4eb3-83a3-3b57e851f9e4,cdf6b1b2-6970-457a-835c-710ac91e241b,aba42450-7969-40f0-b825-96b7c0541d5f,6,Authority control throw author yeah involve soon.,,,,
ROOM,538ce7f4-387d-4165-8831-812d60bf45c7,a584003b-6f21-47d9-867b-53054ad77b73,174.09,True,standard,True,,,
ROOM,cf2f4130-96ef-4e0d-b165-c62cb58e897e,a584003b-6f21-47d9-867b-53054ad77b73,300.17,True,suite,3,,,
REVIEW,8895d0af-3267-4c3e-b7e3-d77821a6ecb4,ceb792d3-abf3-48cd-86ca-7674933c8b0f,80bbb46c-e793-424f-8aa2-189030b36784,4,Sing amount require tax popular painting president.,,,,
ROOM,b2427e7f-5f11-4a0a-b6e5-81d190d36c0c,0a15a635-8a21-41be-9228-a5f7fc3daa92,77.42,True,standard,False,,,
REVIEW,71b35585-53be-40b1-a105-3a31d685d13a,ceb792d3-abf3-48cd-86ca-7674933c8b0f,2e470d81-6783-4e72-9649-84279ddd63a6,7,No subject window on animal.,,,,
REVIEW,0239c39d-4f5c-4eb9-82f5-a76d1de311ca,cc0bb177-53ed-45be-978d-8e3ab2aaa670,ca3598ce-cebf-465d-9a80-1eb2a3377f64,8,Attorney never candidate protect will specific southern because.,,,,
ROOM,c31da52e-75c0-4216-92c6-1f8dcdb47afa,38e7c13e-c468-40d7-9df2-98a17226d59f,78.94,False,suite,2,,,
ROOM,e91af22f-5786-4f08-94cb-ee67e7f5561f,41a54b76-a74f-4ff1-b112-b32557c91c84,95.04,False,suite,3,,,
REVIEW,3f55cb9e-456c-4b10-895a-607ebe93c26f,3858882a-2425-4965-9368-49b99ed9c565,146ce826-d323-426a-b458-4cf31cccc130,1,Other near director follow message form.,,,,
ROOM,5fc26227-9f6e-4c53-b150-f05af0a5755a,87b3b4dd-b496-413f-ac89-4922505a613c,314.05,True,standard,False,,,
REVIEW,e88c57e2-48b8-465f-b67c-f811367379ce,cdf6b1b2-6970-457a-835c-710ac91e241b,3d467a27-1d9e-46c9-bda3-93048d187985,1,Community into send campaign.,,,,
ROOM,47079845-13e1-4ae9-81e0-b632f4c8ee4a,53f1dfb3-d26d-4d3a-9546-0184d6dbc79d,366.19,True,standard,True,,,
REVIEW,0807c6de-cb4a-4692-8555-ad86e6f775b1,f90344ad-d486-44a8-a0ff-1fd39f8ef723,6eb1550e-9808-4acb-aeb8-3ad230efd1e4,6,Recognize relate important member building occur remain.,,,,
ROOM,2ecc3ffa-c708-4366-a74f-89d30cd358a0,04ec1800-bfc4-4d0c-adfc-e7e7a1d26437,262.94,True,standard,True,,,
REVIEW,68f441ce-85ce-494f-8a23-c6253b7df4da,5795356f-15c6-4441-894e-ffc0ca8c171e,acb1b3b7-e025-48b0-a3ec-c5a33e3f8921,10,Education structure matter indicate involve spend right.,,,,
REVIEW,1a2a386a-cef4-4bb5-9546-d8ed3578c8d0,088a0975-f95b-4eb9-b9bc-c563e6f0070e,0121fdda-3011-42de-b983-5ae5e86925fd,7,Side discussion skill add.,,,,
ROOM,5f32e4ff-ca27-437e-afa0-db2a8e889f00,ceb792d3-abf3-48cd-86ca-7674933c8b0f,180.27,False,standard,True,,,
REVIEW,2203857e-19d7-4225-a87a-c1ba767cd3ee,c8c27bf0-3034-48f8-996a-33cad02f00cf,3d0ff85c-aaf2-4147-bdd3-dec230b97d0d,6,Fire study little degree involve training.,,,,
REVIEW,bb78e848-1f5b-4ac9-915a-ecadc670731c,f274c9cf-cd14-4dc4-a557-d9c3d43c17fd,146ce826-d323-426a-b458-4cf31cccc130,3,Dream light avoid without six strong beautiful.,,,,
ROOM,95126147-fbbf-4ea5-909f-a69885ec6770,663ae212-c201-43ad-b8a1-ab9101af83b7,79.28,True,suite,1,,,
REVIEW,573b520b-f15a-4239-8227-b7c89356e69b,5795356f-15c6-4441-894e-ffc0ca8c171e,80bbb46c-e793-424f-8aa2-189030b36784,1,Ten eye low identify difficult occur.,,,,
REVIEW,846443f5-574d-4d08-8a6c-a9dd6b86ee98,f1b5faae-1eb2-4718-ae51-f33376cdbc66,0a524c6b-af9c-4e42-a605-a3dbfbaaa0d2,6,Check front floor character citizen.,,,,
REVIEW,9db825ce-5043-4893-96d7-7a1fe5c994fd,28284a5f-79ab-4f6e-9a73-aa9202198d58,022e135e-484a-4e01-b072-4c12289dd79b,9,Strong answer and none start.,,,,
REVIEW,ed53d545-fe2d-4fdf-9fb9-f1fe1883ee2d,fbdbf762-3589-4b4d-abba-98180bdf5173,c0e896ac-7bf9-410b-b34d-9b1e8245fe05,8,Laugh realize identify read.,,,,
ROOM,84ff4e53-4a86-48b3-9dbb-70d06740f82e,eac17380-809e-4c34-a24e-2b27dc31e7dc,163.9,False,standard,False,,,
ROOM,dc3acbac-d2cd-4a21-88e1-9245da049846,cdf6b1b2-6970-457a-835c-710ac91e241b,348.25,True,standard,True,,,
ROOM,e52a29de-18b7-4495-bf75-7374dc6457a6,8c5ab1e6-3c92-4ee0-94e3-073f45df3516,297.47,False,standard,False,,,
ROOM,813b744f-2711-4d54-be89-f378139675c9,a584003b-6f21-47d9-867b-53054ad77b73,310.35,True,suite,4,,,
REVIEW,2c5af36a-27a2-4c85-9172-0e7203b80f69,3df09898-50f8-4c4e-b3b2-c6612dce1c06,66982bdf-2e03-4036-a43a-1807cc9f9873,7,Rich Democrat wonder opportunity term.,,,,
ROOM,0fc9e126-0880-4551-a2e8-f863b0a6edeb,3858882a-2425-4965-9368-49b99ed9c565,230.02,True,standard,False,,,
ROOM,d5ea9ef4-fde4-4172-853c-aa04ce38396b,d41038f9-3a2b-47fb-98e6-4a5614a703c7,437.24,False,standard,False,,,
ROOM,8111766f-7371-4382-9430-b39465322000,5795356f-15c6-4441-894e-ffc0ca8c171e,173.97,True,suite,2,,,
REVIEW,e8440e71-6656-4ae9-987f-5748b9ee710d,f90344ad-d486-44a8-a0ff-1fd39f8ef723,95695487-5f2c-454f-a982-62b5dc9aedf9,5,How face wife agent stand.,,,,
ROOM,b7374d58-99a5-4385-ba04-4256913a928a,f1b5faae-1eb2-4718-ae51-f33376cdbc66,78.71,False,standard,True,,,
REVIEW,f7d9b100-46eb-467f-9603-52500661368a,fa376297-2ead-488d-9f1d-9705cc6d5a4a,58746fde-db02-4879-ba81-1c0099bd1344,5,Throughout next one reflect economic.,,,,
ROOM,b457eeb1-93c2-4eed-a0f7-f6ef9dfdcdfb,7b7b65cb-c13b-4983-8e78-82eab80e3f46,497.13,True,suite,4,,,
REVIEW,1f3d0591-82f5-4186-8dc6-6413d62265ee,fbdbf762-3589-4b4d-abba-98180bdf5173,63d21aa5-3bee-4246-bc00-4d306f75f55b,5,About tell bad onto development lay book.,,,,
REVIEW,c6bb1252-77bf-4d21-a5be-319e08915072,41a54b76-a74f-4ff1-b112-b32557c91c84,52d4b355-3093-441a-b40e-cb8c71956dca,9,School detail east size bit age.,,,,
REVIEW,2d118ac4-bc6c-4323-84df-ce53f6bed953,4eb22fc9-21f4-4455-9a2a-a6136d25b907,7b5993ab-665b-4793-9594-58e5f4202280,3,Someone line that but.,,,,
REVIEW,2ee69dd0-aec6-4706-ba9a-08eef17a8fb4,9f3c2823-387f-43ef-8a43-7528e99d664b,19a45de4-80f7-4ffb-a68d-5dc6e21f2d3c,6,Health sea inside skill front school ahead poor.,,,,
ROOM,4c84b6bd-1a4e-4bdb-acc8-4e3814591d0b,f1b5faae-1eb2-4718-ae51-f33376cdbc66,384.86,True,suite,1,,,
REVIEW,f7e84d82-92a7-49ba-8be4-2401c7f31883,a67c1da3-2127-432c-93d4-7ecaf0c77867,c0e896ac-7bf9-410b-b34d-9b1e8245fe05,10,Condition often politics authority reach politics drop.,,,,
ROOM,bf0694fe-c01c-494a-9d89-1ed19adb5fc6,41a54b76-a74f-4ff1-b112-b32557c91c84,457.22,False,suite,2,,,
REVIEW,32156067-8871-4a7b-9c25-fe8110df9742,ceb792d3-abf3-48cd-86ca-7674933c8b0f,4d457a09-0a8d-43cf-bb0e-73cf1084b6c2,8,Eye former us alone.,,,,
REVIEW,78b5d2d4-1dea-49ab-bc98-8b964ae7db81,f1b5faae-1eb2-4718-ae51-f33376cdbc66,8b0252ce-5942-43a5-b072-063a4f9e2aa0,4,Agent human market simple certain modern season whatever.,,,,
ROOM,572b5bdf-c30d-4c42-a2d3-1872473478ec,cc0bb177-53ed-45be-978d-8e3ab2aaa670,67.77,True,suite,1,,,
ROOM,9b2271dc-a6af-481b-a989-57e64b6ba65c,eac17380-809e-4c34-a24e-2b27dc31e7dc,344.99,True,standard,True,,,
ROOM,67ad7257-59bd-414d-bd66-e3dc7ea359b4,0a15a635-8a21-41be-9228-a5f7fc3daa92,308.97,True,suite,1,,,
ROOM,fbf7c77b-bba0-4a70-a5b5-9a59d5d289d0,663ae212-c201-43ad-b8a1-ab9101af83b7,463.7,True,suite,3,,,
REVIEW,b19a830f-5452-4190-af5a-695fd30e8dad,de6faef7-263d-4946-ac26-02aa4ea7c0fb,d545dd3e-cf84-4281-a6c5-96a8dd6d2b62,5,Big couple common room bit order painting.,,,,
ROOM,e8f53e0e-bca2-4576-b9a3-bfeafa0194ec,c99daea5-ad6e-47d7-94b3-55bdcfcf6acb,308.75,False,suite,3,,,
REVIEW,49492121-a5e8-41a5-b39b-f2176f260cb4,c757254c-45fb-4a4b-8525-129251a6b81e,2e470d81-6783-4e72-9649-84279ddd63a6,10,Enough laugh act data.,,,,
REVIEW,3812e757-9c47-490b-b80b-6484a8e6e000,c99daea5-ad6e-47d7-94b3-55bdcfcf6acb,1ad09614-3ed0-4f3d-aaf6-b6091739dfcc,5,Good stand bad my bad.,,,,
ROOM,1d0d485f-785f-4004-8903-7918cb65c191,28284a5f-79ab-4f6e-9a73-aa9202198d58,119.83,False,standard,True,,,
REVIEW,00377c2c-6adb-4a02-83a9-0999faa30071,38e7c13e-c468-40d7-9df2-98a17226d59f,392da4f9-9507-4a01-91a2-b24bc0c88363,1,Institution along interview test group third for.,,,,
ROOM,bee243a1-9efb-46e7-8c23-58c0e33841da,be0c5419-26e0-47ed-b5a5-17f4db1245f2,127.27,True,standard,False,,,
ROOM,6e675ccc-3ec4-4db5-af8b-733055176fa6,fa376297-2ead-488d-9f1d-9705cc6d5a4a,415.67,False,standard,False,,,
ROOM,df90cacb-a1ea-4f90-908a-4267b685e720,663ae212-c201-43ad-b8a1-ab9101af83b7,163.68,False,standard,True,,,
ROOM,ac5cef21-1e86-4df1-a604-7aafd46bdb1a,be0c5419-26e0-47ed-b5a5-17f4db1245f2,225.54,True,suite,3,,,
ROOM,ca24facb-cefa-4309-9ade-acbf08fb84c5,c757254c-45fb-4a4b-8525-129251a6b81e,315.13,True,standard,False,,,
ROOM,611b27b5-69a5-407b-9963-3bf404c1f2b3,28284a5f-79ab-4f6e-9a73-aa9202198d58,100.65,True,standard,True,,,
REVIEW,75c58d6e-8044-4c21-a89c-92ddb4031bd7,4eb22fc9-21f4-4455-9a2a-a6136d25b907,6cd12ad5-bd5d-4d3c-b683-ca394c5f98c3,5,Body hope job.,,,,
REVIEW,64a749cf-e2cb-4714-beac-66a4b993d416,90cdd515-334c-484c-8f7a-d523cc9b55af,57c082af-a6fd-4e60-aa2e-8bceb3c4c198,5,Decide seek success.,,,,
ROOM,48af9a99-02d3-4176-a5e9-1af88e7e39fc,04ec1800-bfc4-4d0c-adfc-e7e7a1d26437,119.17,False,standard,False,,,
ROOM,8f357264-9d5a-4968-b8b8-0dde8f596697,0dc05a37-015b-48e4-8446-6300e437219a,77.35,False,standard,False,,,
REVIEW,4667e4da-742a-4ced-a0e5-2b7e2f2ffad9,0a15a635-8a21-41be-9228-a5f7fc3daa92,63d21aa5-3bee-4246-bc00-4d306f75f55b,2,Test major start field.,,,,
ROOM,aa723b94-19d1-4f77-ba4d-d2884a10d9f9,398d8d17-7d9c-4850-8f00-207612330468,288.93,False,standard,False,,,
REVIEW,f5edf15a-6bff-47e2-b549-735d0007785e,f1b5faae-1eb2-4718-ae51-f33376cdbc66,09f72389-663c-434a-9e9d-ae17ff6e686c,5,Especially any firm ever role nearly.,,,,
REVIEW,9d2b6707-39cf-48de-8239-55d3b4ac4287,90cdd515-334c-484c-8f7a-d523cc9b55af,fe4edce6-d089-4c8f-87d8-06485fc91355,9,Positive body development total.,,,,
ROOM,e43b056f-d962-4d1f-8728-c7fb370703b8,f19c4cbf-66b9-4336-8fb7-d96c9b06e3e7,133.67,False,suite,2,,,
REVIEW,5cdcc0ab-f1e9-4708-bc62-a7b36740db5e,38e7c13e-c468-40d7-9df2-98a17226d59f,2e0cfc1f-a747-44b9-8317-4fac9044348f,4,Organization suggest light tough old reveal beyond page.,,,,
ROOM,895da9c2-8b3e-46d4-b48c-9e2b0be4a92e,38e7c13e-c468-40d7-9df2-98a17226d59f,487.71,False,suite,3,,,
ROOM,f4a6a9db-c658-497a-a10c-78a07757ad34,87b3b4dd-b496-413f-ac89-4922505a613c,180.53,False,standard,False,,,
ROOM,7f3a519a-ce37-4473-8394-6d2bad318303,0a15a635-8a21-41be-9228-a5f7fc3daa92,475.68,True,standard,True,,,
ROOM,a8bcd53c-b7ae-426b-8971-f00aff59d6f4,0a15a635-8a21-41be-9228-a5f7fc3daa92,446.51,True,standard,False,,,
REVIEW,9e84b9ad-41ea-42a1-b864-7ae0faa95d87,be0c5419-26e0-47ed-b5a5-17f4db1245f2,146ce826-d323-426a-b458-4cf31cccc130,8,These perform art issue child.,,,,
ROOM,e4dc216e-d318-416e-a3f8-3ff39bba5114,c8c27bf0-3034-48f8-996a-33cad02f00cf,411.38,True,standard,False,,,
ROOM,566b002e-0054-4af0-9594-b5cee24f9647,a069f425-0e0b-4b22-8c5d-5d96d5cc57a2,165.85,False,standard,True,,,
REVIEW,e10dac68-55fa-48ed-a873-4742fec37996,cdf6b1b2-6970-457a-835c-710ac91e241b,df997752-4791-4343-b5c2-7b4e75f3bfd3,8,Various who those.,,,,
REVIEW,b3bde624-a27e-4e7c-9ceb-4a99b6e42be1,3858882a-2425-4965-9368-49b99ed9c565,6b6ef403-8ae4-4fb2-a692-16a129a8cf5c,6,Pick boy necessary.,,,,
ROOM,f8df4d78-6234-4436-9ab9-4d12b50adf1c,be0c5419-26e0-47ed-b5a5-17f4db1245f2,402.49,True,suite,1,,,
ROOM,b781da19-8415-447b-8fb4-c2394ee3b77a,fbdbf762-3589-4b4d-abba-98180bdf5173,300.84,False,standard,True,,,
ROOM,e16e4dff-e35e-4727-9fc4-5964d56fdd86,799bd44c-a13b-48b7-9a5f-a2b5ea4e800b,207.31,True,standard,True,,,
REVIEW,0d00230b-1d8b-410c-8b54-1ee6feeaf534,398d8d17-7d9c-4850-8f00-207612330468,c8d51adc-e299-47c7-9d8a-81f090651328,3,Join as baby without store land past worry.,,,,
REVIEW,34f3433c-f4d8-436e-b814-e71e811d51a7,90cdd515-334c-484c-8f7a-d523cc9b55af,1cacb171-f87b-4b44-8340-976c4f2f5f9f,6,Record expect world Mr chair describe add.,,,,
ROOM,adab280a-7d6c-4842-9eab-d58c5cbda182,9be3615c-fe2b-4f97-a6fc-da1f9fe3190a,113.3,False,standard,False,,,
REVIEW,8a1ac2bf-74f6-4ac4-8960-a5f4ae147f08,cdf6b1b2-6970-457a-835c-710ac91e241b,00758169-8997-43bf-bf2a-f50edf59fa4d,2,Until fine under sister true.,,,,
ROOM,ce2606b0-f8ca-49de-902e-9d44dcec6d66,8c5ab1e6-3c92-4ee0-94e3-073f45df3516,167.81,True,suite,4,,,
ROOM,220e5d65-619e-47ff-9e77-45d0f08d9c3b,0a15a635-8a21-41be-9228-a5f7fc3daa92,241.27,False,suite,3,,,
ROOM,a0a732d1-47cd-4977-ab3f-56029643904d,9f3c2823-387f-43ef-8a43-7528e99d664b,189.84,True,suite,4,,,
REVIEW,4a562b60-f4d7-49ce-961b-a583e8fd4543,20480029-ffb2-4f1f-bc95-025b55325af8,1d0c1f38-2d11-491a-90be-94ce06fb22d2,10,Picture interesting than though option may style.,,,,
REVIEW,c52c969c-1f8f-41b6-8266-0b7eff185543,0dc05a37-015b-48e4-8446-6300e437219a,86955de8-2cb8-4124-bb56-a7fb87ef788c,8,Move deep must.,,,,
ROOM,43eee259-09af-4508-bbbe-5106e8fd4430,fbdbf762-3589-4b4d-abba-98180bdf5173,250.27,False,suite,1,,,
ROOM,09206c50-c0e5-4cc9-a6f3-22904da1a696,4eb22fc9-21f4-4455-9a2a-a6136d25b907,461.42,False,standard,False,,,
ROOM,37738020-8127-414c-884f-92a5aa6ad28a,28284a5f-79ab-4f6e-9a73-aa9202198d58,70.3,False,suite,4,,,
REVIEW,349a37b2-350b-43a1-9c2b-c83e78dea132,38e7c13e-c468-40d7-9df2-98a17226d59f,af4ec2b4-afad-4c37-b7e0-2b62aa9d81a0,4,Body human cultural world without.,,,,
ROOM,25af81d9-b62e-40eb-81c9-c2a40fc5f504,20480029-ffb2-4f1f-bc95-025b55325af8,160.17,False,standard,False,,,
REVIEW,fe0278ad-7c4f-4c6b-b93c-32bdff6c9450,5795356f-15c6-4441-894e-ffc0ca8c171e,dec4085c-79f2-42d3-ae34-93d2e93e7333,10,Hand life successful born.,,,,
ROOM,efb0d648-7aeb-4125-94c4-05866f2495aa,d41038f9-3a2b-47fb-98e6-4a5614a703c7,185.81,True,standard,False,,,
REVIEW,d4ce3919-a11b-4b71-8532-b39551ee0f16,38e7c13e-c468-40d7-9df2-98a17226d59f,122573d8-74b7-4dd1-a314-50b0387be61a,6,Democratic memory day.,,,,
ROOM,55e8c1a2-79aa-4a1c-b629-4b2be070a74e,f90344ad-d486-44a8-a0ff-1fd39f8ef723,448.6,True,standard,True,,,
ROOM,20f375e5-0f6d-4442-a39f-72c1bc4fd50c,fc7150a0-f0e9-4f0a-b5be-9c43626950a9,54.93,True,suite,3,,,
ROOM,353ba66d-149c-48fd-ac49-23f4d484bd37,b9e0b93e-e706-4e10-a187-5ba2bf7b3b98,54.88,True,standard,True,,,
ROOM,fef40468-71b3-44c3-bd82-8c208b3c138e,ceb792d3-abf3-48cd-86ca-7674933c8b0f,75.13,True,suite,2,,,
REVIEW,a324358f-81a6-45bf-8dde-6a98dbd7e7af,c99daea5-ad6e-47d7-94b3-55bdcfcf6acb,c84c6da6-8cb6-46ce-b2ec-36202bb41f96,7,Your structure hundred trouble employee type off.,,,,
ROOM,5e0ed660-9000-43b5-b5ed-c434d6995e7a,20480029-ffb2-4f1f-bc95-025b55325af8,169.9,False,suite,1,,,
ROOM,40b5e90d-a126-49c5-bc03-8cd700af7a3f,28284a5f-79ab-4f6e-9a73-aa9202198d58,477.83,True,standard,False,,,
REVIEW,17d4c086-d949-431e-b41e-81b771d10fa5,398d8d17-7d9c-4850-8f00-207612330468,0121fdda-3011-42de-b983-5ae5e86925fd,8,Picture born appear show.,,,,
ROOM,d4847e8c-18e2-4b79-9caa-28d6304024a2,90cdd515-334c-484c-8f7a-d523cc9b55af,336.25,True,suite,1,,,
REVIEW,f43f273d-0124-4f9d-afe9-34f7040a8576,48a33ac0-de66-445b-bed5-f4cecf695d74,0bfdc355-960b-4669-b0ed-5d2f1316d12a,2,Might near could out.,,,,
ROOM,7d83803f-9530-41d2-a276-fa24e6248efd,41a54b76-a74f-4ff1-b112-b32557c91c84,482.59,False,standard,True,,,
ROOM,282ecb61-c3c9-43a1-8f2f-cf926724090e,de6faef7-263d-4946-ac26-02aa4ea7c0fb,496.98,True,suite,3,,,
ROOM,f8730f17-d3a7-47bc-997d-9c09bfd782d3,c757254c-45fb-4a4b-8525-129251a6b81e,216.27,False,suite,2,,,
REVIEW,1ad56729-54e6-4030-9a4f-519f0a09bbcd,38e7c13e-c468-40d7-9df2-98a17226d59f,35a634f3-c1d7-4d4c-b2cf-a541b8287ff5,6,Brother you fly quality eat girl.,,,,
REVIEW,8aa174a6-e351-4c88-b996-c1b06edcd83e,1317b493-7f71-4d2a-ba0c-a29776bd5c9f,c84c6da6-8cb6-46ce-b2ec-36202bb41f96,10,Contain administration discover sign scientist image.,,,,
REVIEW,7e13f9e9-9f1e-417a-9ed0-915c00dfae99,7b7b65cb-c13b-4983-8e78-82eab80e3f46,aa5b2315-8732-4ed0-a2a1-9119aac9b2ae,1,Ago majority relationship just back human control.,,,,
ROOM,842a3e44-f3ca-4bd7-bdc4-7f671221d3a3,1317b493-7f71-4d2a-ba0c-a29776bd5c9f,328.2,True,suite,1,,,
REVIEW,629b4cad-f4a1-493e-95ec-c1f90502c15b,f90344ad-d486-44a8-a0ff-1fd39f8ef723,5606f344-132b-48b5-a98d-342d068cc842,6,Off how available.,,,,
ROOM,c0b4a23f-b2ce-4a5c-880c-f033598a9ebd,b9e0b93e-e706-4e10-a187-5ba2bf7b3b98,477.56,True,standard,False,,,
ROOM,6932d421-287d-42db-a1b4-9bf1c206dc30,be0c5419-26e0-47ed-b5a5-17f4db1245f2,336.77,True,standard,True,,,
REVIEW,cfd3b6a0-4b42-4373-9a3c-f75660b2ee93,3def44bc-a5c2-4a66-bc44-ad293bebb493,ca3598ce-cebf-465d-9a80-1eb2a3377f64,3,Like coach paper once guy spend.,,,,
ROOM,2e079ba8-4977-40bc-b7cf-31985cef2345,48a33ac0-de66-445b-bed5-f4cecf695d74,283.4,True,suite,1,,,
REVIEW,82c3da59-46ba-4f0e-a730-ccc88b942a5d,0dc05a37-015b-48e4-8446-6300e437219a,acb1b3b7-e025-48b0-a3ec-c5a33e3f8921,10,Option writer less reason hundred bar.,,,,
REVIEW,ab210926-a478-4db8-a9e9-1524781f7020,3def44bc-a5c2-4a66-bc44-ad293bebb493,51e5ec3e-af96-4c0e-a427-ec51ecb64e1e,9,Rich half seem because product market large.,,,,
ROOM,446f3492-9935-4571-8e54-535adafe44d7,41a54b76-a74f-4ff1-b112-b32557c91c84,303.71,True,standard,True,,,
REVIEW,ba5f771f-0f2c-45dd-8641-4bed4dcd2e62,f19c4cbf-66b9-4336-8fb7-d96c9b06e3e7,f876dc0a-63b8-4bf7-a6d0-64d40b95518d,6,Animal father technology hit fine send green hand.,,,,
REVIEW,530dc695-e7f3-430e-9d22-d9a7846bbde5,3858882a-2425-4965-9368-49b99ed9c565,36be592c-29f8-4c4d-923b-8081a08c2c79,8,Door couple center dark media tonight.,,,,
REVIEW,570720c3-4e94-48af-ba08-e7742dddff76,398d8d17-7d9c-4850-8f00-207612330468,36be592c-29f8-4c4d-923b-8081a08c2c79,9,Throw light reason without suddenly sea assume.,,,,
REVIEW,bd7d28ac-efd3-4a9a-aff4-22ffcdf603a6,0dc05a37-015b-48e4-8446-6300e437219a,95695487-5f2c-454f-a982-62b5dc9aedf9,6,Blood network term authority various foreign avoid.,,,,
ROOM,c2ca6e4e-8bf5-4c3c-bdab-e1137215e064,20480029-ffb2-4f1f-bc95-025b55325af8,347.8,True,suite,2,,,
REVIEW,0f9dcf38-acb6-4819-a444-dc87d391edd1,20480029-ffb2-4f1f-bc95-025b55325af8,820b01d8-35f8-4733-9667-c0d3534e3410,2,While truth address.,,,,
REVIEW,93592e18-4b00-469a-b501-47d085726ff3,0dc05a37-015b-48e4-8446-6300e437219a,c0582ec7-c4c6-476d-9d6a-d780c417a1c1,3,Page happen cultural.,,,,
REVIEW,d143fe88-73b3-4229-881d-79538dce067b,c8c27bf0-3034-48f8-996a-33cad02f00cf,fac82ba0-65ed-4bf1-9ee6-626ee226a09a,3,Live ball her off about church.,,,,
REVIEW,a55b867e-c0a5-4307-971d-f771f13b3e7e,90cdd515-334c-484c-8f7a-d523cc9b55af,349301f2-22d8-4130-a6df-53a8642719bc,10,Car cup price trial skill expect face.,,,,
ROOM,1fd5f3f6-08f6-4647-991c-012e70619d52,3858882a-2425-4965-9368-49b99ed9c565,447.52,True,standard,True,,,
ROOM,274ae052-7ad6-4cb4-80fb-ce0bbad81b84,38e7c13e-c468-40d7-9df2-98a17226d59f,423.45,False,standard,False,,,
ROOM,4587012b-8ff4-4986-b9b4-e79e8afc5a5d,f19c4cbf-66b9-4336-8fb7-d96c9b06e3e7,416.04,True,suite,2,,,
REVIEW,dfef363a-1cf0-4778-8281-aea9306fd546,20480029-ffb2-4f1f-bc95-025b55325af8,3d467a27-1d9e-46c9-bda3-93048d187985,4,Suggest then gun hot lose pattern add office.,,,,
ROOM,b16b7a86-6f88-452d-b144-0c9a8b2b0bd1,0c2f342c-2df1-400d-bcb6-f0118784f28c,301.8,False,standard,False,,,
ROOM,c80f5736-2924-46c8-bfbf-83b4ff89e71b,663ae212-c201-43ad-b8a1-ab9101af83b7,252.32,True,standard,True,,,
REVIEW,e947e71a-79ef-4de8-be40-7c6564f41b4d,1317b493-7f71-4d2a-ba0c-a29776bd5c9f,66982bdf-2e03-4036-a43a-1807cc9f9873,3,On nor exist four half assume.,,,,
ROOM,ac985dcf-e1e2-4759-9a2b-be67e5385489,cdf6b1b2-6970-457a-835c-710ac91e241b,99.69,False,standard,True,,,
REVIEW,c4701051-6da5-4a78-bf73-0b909cc595f8,3df09898-50f8-4c4e-b3b2-c6612dce1c06,8a1f74a7-2a46-409d-8ef3-08474e09e4fc,8,Marriage skin state state.,,,,
ROOM,1704324c-f03c-4441-898e-5938770176b3,a069f425-0e0b-4b22-8c5d-5d96d5cc57a2,51.52,True,suite,1,,,
ROOM,c96bb27a-676c-460d-b9ce-b575684d8279,5795356f-15c6-4441-894e-ffc0ca8c171e,326.74,True,standard,False,,,
REVIEW,a5b00dc9-79d1-4025-b6c6-a857224bff4a,b97332a9-ebe0-4f07-b9dc-08f2a8e8c8e0,349301f2-22d8-4130-a6df-53a8642719bc,2,Push west movement third far several order.,,,,
ROOM,a53a051d-b3a4-4d39-9845-1e9eb40a4363,04ec1800-bfc4-4d0c-adfc-e7e7a1d26437,417.73,True,standard,True,,,
ROOM,b404f125-ebdb-462a-a6b7-4df48d0dd645,c8c27bf0-3034-48f8-996a-33cad02f00cf,363.13,False,suite,4,,,
REVIEW,f3ac66ce-b0b4-45dc-825e-170603e6e5f1,9be3615c-fe2b-4f97-a6fc-da1f9fe3190a,0be3a4a7-cd9c-44cb-8bbb-bbba1c0eeee2,10,Yourself choice energy benefit.,,,,
ROOM,97809007-0d74-4929-be43-541322476361,b9e0b93e-e706-4e10-a187-5ba2bf7b3b98,371.85,False,suite,4,,,
ROOM,94d5ee6d-9adc-46a7-810c-8c4dcb0fc8ea,c99daea5-ad6e-47d7-94b3-55bdcfcf6acb,453.83,True,suite,3,,,
REVIEW,2ffdcdee-d410-43f3-bb3a-a47fd0477a30,c757254c-45fb-4a4b-8525-129251a6b81e,fac82ba0-65ed-4bf1-9ee6-626ee226a09a,4,Alone artist fly.,,,,
REVIEW,8cf75fb7-30b4-4679-9b9a-176f24196805,1317b493-7f71-4d2a-ba0c-a29776bd5c9f,0121fdda-3011-42de-b983-5ae5e86925fd,8,Suffer man still charge also score behind.,,,,
ROOM,7720f75d-f0f3-439d-bd0b-4171b341b04c,28284a5f-79ab-4f6e-9a73-aa9202198d58,322.28,True,standard,True,,,
REVIEW,79d5d694-b9dd-4a18-a571-1fb5e7a67c95,0c2f342c-2df1-400d-bcb6-f0118784f28c,54f663bb-0be6-4702-8447-8437f970a560,2,Style degree feeling property across mission truth land.,,,,
ROOM,b3886077-c7d8-41b1-bb24-e58615e7a429,48a33ac0-de66-445b-bed5-f4cecf695d74,425.68,True,suite,3,,,
ROOM,002a4059-d82c-4439-8b34-0fba321d7d59,088a0975-f95b-4eb9-b9bc-c563e6f0070e,185.02,False,standard,True,,,
ROOM,694efca0-1f1c-41f7-9712-ae1f3342796d,398d8d17-7d9c-4850-8f00-207612330468,471.81,True,suite,2,,,
ROOM,19cc2253-5d21-4fba-9780-6046d09fdd72,0a15a635-8a21-41be-9228-a5f7fc3daa92,237.32,True,standard,False,,,
REVIEW,81aee126-feb0-4370-8fac-76f4dfb89b67,fc7150a0-f0e9-4f0a-b5be-9c43626950a9,8a84b13f-3a09-44fd-b074-08a0395e731e,4,If during series year hundred decision.,,,,
ROOM,1eedee2a-aee0-4bf6-9bfb-fa7921ab740a,fa376297-2ead-488d-9f1d-9705cc6d5a4a,463.93,True,standard,False,,,
REVIEW,cd1697d8-e83d-4f68-b9bd-bff6c3672c0f,41a54b76-a74f-4ff1-b112-b32557c91c84,c84c6da6-8cb6-46ce-b2ec-36202bb41f96,10,Threat clearly general author school.,,,,
REVIEW,88ad4535-fb09-46a1-9585-8bccf10bb102,3858882a-2425-4965-9368-49b99ed9c565,85d299f7-7c42-4d77-b67b-507cc393bcb5,7,Art well can much show health.,,,,
ROOM,3ce9d8cd-8d78-4448-98ab-53e995207d19,fc7150a0-f0e9-4f0a-b5be-9c43626950a9,84.28,False,suite,1,,,
ROOM,afb9049e-eca1-4855-9042-e522287e46da,1317b493-7f71-4d2a-ba0c-a29776bd5c9f,347.14,True,suite,1,,,
REVIEW,f8d3ef72-8d44-49a7-bf95-f82ad7e91fd8,04ec1800-bfc4-4d0c-adfc-e7e7a1d26437,1068d087-f641-482b-bd30-57f55fd79fe9,9,According personal law woman why.,,,,
REVIEW,c2613a2d-6e98-4a61-bcc1-9a23b8da2a94,a584003b-6f21-47d9-867b-53054ad77b73,f876dc0a-63b8-4bf7-a6d0-64d40b95518d,5,Possible paper evidence vote effort president.,,,,
ROOM,2b00cf02-346f-4064-91ba-4196fed738d4,fc7150a0-f0e9-4f0a-b5be-9c43626950a9,292.86,False,standard,False,,,
REVIEW,8ef2e6a6-1b12-4531-8997-0e585318e980,cc0bb177-53ed-45be-978d-8e3ab2aaa670,fda162ec-4bf9-441e-9015-b0c21b5ee4b6,9,Offer writer shoulder question yourself another.,,,,
ROOM,f627f546-18ba-4a51-86fd-187769173ba6,663ae212-c201-43ad-b8a1-ab9101af83b7,99.37,True,standard,False,,,
ROOM,6278625a-9fb5-4274-ac37-4103f98a346b,3858882a-2425-4965-9368-49b99ed9c565,84.85,False,suite,4,,,
ROOM,75c75e2d-5d4e-4285-9e56-f337d0df4db1,48a33ac0-de66-445b-bed5-f4cecf695d74,418.03,True,standard,True,,,
REVIEW,a4e07bfb-fe92-4bd0-bdc0-995e3dafd001,088a0975-f95b-4eb9-b9bc-c563e6f0070e,cab8bb64-cc1a-4d9c-a9d4-4681931f5e71,2,Put group others message across.,,,,
REVIEW,7cd20fb4-1c9a-4d43-a7d3-c10950f865dd,3858882a-2425-4965-9368-49b99ed9c565,90164c99-8c11-4612-904c-2d1f7f7e2091,10,Southern leg issue.,,,,
REVIEW,c442196d-07f1-49dc-a7c0-7dbb02fe54e3,28284a5f-79ab-4f6e-9a73-aa9202198d58,3d467a27-1d9e-46c9-bda3-93048d187985,3,Laugh daughter recent claim institution benefit we.,,,,
ROOM,39bfb57b-b6e1-4c0e-91cf-8cb4de431eec,c8c27bf0-3034-48f8-996a-33cad02f00cf,435.9,True,suite,1,,,
REVIEW,e870ade6-d773-4458-93d2-854b3ad6c144,c99daea5-ad6e-47d7-94b3-55bdcfcf6acb,6eb1550e-9808-4acb-aeb8-3ad230efd1e4,5,Bit wife despite drive measure.,,,,
REVIEW,597d84c7-ed43-45ad-a64a-175d64b28262,a584003b-6f21-47d9-867b-53054ad77b73,aaeb32c3-9767-4edf-9a87-944456584307,2,Late character through company something bag two.,,,,
REVIEW,7742f572-0fc6-414b-b01d-c1334431e3ea,41a54b76-a74f-4ff1-b112-b32557c91c84,6eb1550e-9808-4acb-aeb8-3ad230efd1e4,7,Add cut think article.,,,,
REVIEW,c3fb82b6-0808-4c14-a895-79daf701584e,9be3615c-fe2b-4f97-a6fc-da1f9fe3190a,c0e896ac-7bf9-410b-b34d-9b1e8245fe05,9,Down fund town plan wonder stay change.,,,,
ROOM,91497930-54d9-49a0-8768-02e89a625f86,28284a5f-79ab-4f6e-9a73-aa9202198d58,215.47,True,standard,True,,,
REVIEW,705b1058-481a-495b-a305-4ff0b613e5f7,0dc05a37-015b-48e4-8446-6300e437219a,0a524c6b-af9c-4e42-a605-a3dbfbaaa0d2,2,Act range hope high.,,,,
ROOM,d2f0c141-5fae-4cb0-a116-39472edb01a5,1317b493-7f71-4d2a-ba0c-a29776bd5c9f,291.74,False,suite,1,,,
ROOM,88e33b37-b596-40be-91fa-7a24f38f3554,a584003b-6f21-47d9-867b-53054ad77b73,436.58,True,suite,1,,,
REVIEW,8201a6bc-540d-40ed-88c8-f1378d6f85e3,04ec1800-bfc4-4d0c-adfc-e7e7a1d26437,09f72389-663c-434a-9e9d-ae17ff6e686c,2,Assume chance score process.,,,,
REVIEW,f93a8d23-7522-4df8-b7f8-cb9d2393d73f,c757254c-45fb-4a4b-8525-129251a6b81e,36be592c-29f8-4c4d-923b-8081a08c2c79,5,Together development interview front seat heavy.,,,,
REVIEW,4f9b22a3-b45f-4f9d-8f5e-535cb919088d,20480029-ffb2-4f1f-bc95-025b55325af8,85d299f7-7c42-4d77-b67b-507cc393bcb5,6,Soldier memory do apply trial.,,,,
ROOM,db362aef-994c-4c59-b1bf-db3c0abbc71b,c757254c-45fb-4a4b-8525-129251a6b81e,439.01,False,suite,1,,,
ROOM,5c410199-e076-4f97-9848-899901a85911,c8c27bf0-3034-48f8-996a-33cad02f00cf,229.86,False,suite,1,,,
ROOM,029ea672-7f4c-48d0-989b-a7a4a1ba5dab,b9e0b93e-e706-4e10-a187-5ba2bf7b3b98,439.21,False,standard,False,,,
REVIEW,c617f32b-0665-4bf8-af33-2a4ca7511a60,c8c27bf0-3034-48f8-996a-33cad02f00cf,a8f2fd5e-2d57-4785-b979-256a0e5315c0,8,Investment decision pretty affect at agreement mother.,,,,
ROOM,ee6214f4-c485-4afd-848a-f18f489a12c2,f90344ad-d486-44a8-a0ff-1fd39f8ef723,222.53,True,standard,True,,,
ROOM,a44e37d3-5ed6-47a4-92b7-372e9a4f57ff,c757254c-45fb-4a4b-8525-129251a6b81e,254.94,False,standard,True,,,
ROOM,c2e616b8-467a-4b49-ad28-9ce33e010010,ed9265dc-d6d6-4482-973c-eedd14ce3138,432.34,False,suite,3,,,
ROOM,4b25a626-65ed-48ed-a3b6-443defa9176a,cdf6b1b2-6970-457a-835c-710ac91e241b,350.11,True,suite,4,,,
ROOM,819894d4-98a5-4395-9af8-545708d4dc2f,a584003b-6f21-47d9-867b-53054ad77b73,272.66,True,suite,1,,,
REVIEW,bb924229-47ee-4138-abcd-1b1dec1788dc,c757254c-45fb-4a4b-8525-129251a6b81e,063237a9-db5c-4f01-87c1-979dbfbc9044,2,Production room fly traditional.,,,,
REVIEW,7c1b3992-9fe2-4626-83a5-954664a73e0d,9f3c2823-387f-43ef-8a43-7528e99d664b,d4f4d3c9-6c21-42f3-a531-cdf8cb1853a1,7,Not tax fight walk young anything politics.,,,,
ROOM,270cf877-19b7-4a6d-a151-9e3202990cd8,c99daea5-ad6e-47d7-94b3-55bdcfcf6acb,390.02,True,standard,False,,,
ROOM,9a97298e-350e-461d-8668-833484ee7719,9be3615c-fe2b-4f97-a6fc-da1f9fe3190a,200.5,True,standard,True,,,
REVIEW,467797d5-0d0a-4583-941e-41c2c3f63e87,d41038f9-3a2b-47fb-98e6-4a5614a703c7,95695487-5f2c-454f-a982-62b5dc9aedf9,6,Hour effect our name bag.,,,,
REVIEW,fea22750-2cd5-4e22-ab6b-819599fb3c05,d41038f9-3a2b-47fb-98e6-4a5614a703c7,cd2ebd4d-81c8-40b2-ac6f-4f0406410647,10,Specific defense me model art police.,,,,
REVIEW,4bb98a71-356e-4213-b0b1-27ce6472f712,0c2f342c-2df1-400d-bcb6-f0118784f28c,54f663bb-0be6-4702-8447-8437f970a560,1,Hard couple interest single age finally.,,,,
REVIEW,16a873d0-0c44-424d-bcdd-b84314e819ca,398d8d17-7d9c-4850-8f00-207612330468,8ed13e38-6e22-4ae5-bb5d-748dda327655,8,Direction very material term draw.,,,,
ROOM,095c9b49-e748-48dd-a5c8-e79fba291e13,9f3c2823-387f-43ef-8a43-7528e99d664b,272.11,True,suite,1,,,
REVIEW,3a055acc-d7be-46e3-8b95-5b5956d02b2d,fa376297-2ead-488d-9f1d-9705cc6d5a4a,1d0c1f38-2d11-491a-90be-94ce06fb22d2,9,Pressure store not family level.,,,,
ROOM,c3384537-9c7a-40ac-89d1-7c20c9c6078b,28284a5f-79ab-4f6e-9a73-aa9202198d58,267.56,False,suite,3,,,
REVIEW,2a8cc53b-0377-48c1-a5bb-8fa7509651ce,87b3b4dd-b496-413f-ac89-4922505a613c,03317407-d137-4215-90fe-4b88c1193b19,9,Would often tree source whom popular minute.,,,,
REVIEW,02c668ba-c3f4-4cf6-97b2-4015579708f5,0dc05a37-015b-48e4-8446-6300e437219a,1d97efc3-56dd-43d1-bd32-c2077eff643b,10,Approach on interview son to.,,,,
ROOM,35467c7b-c3cb-4a31-b431-8b1867a1389d,799bd44c-a13b-48b7-9a5f-a2b5ea4e800b,313.57,True,suite,4,,,
ROOM,658ce0ab-2588-4907-8f66-2a9ca52239de,5795356f-15c6-4441-894e-ffc0ca8c171e,71.34,True,standard,False,,,
REVIEW,981fecdd-667b-42eb-adad-4bd424eb185a,53f1dfb3-d26d-4d3a-9546-0184d6dbc79d,00758169-8997-43bf-bf2a-f50edf59fa4d,9,Defense hope hot people.,,,,
ROOM,65275de3-2418-41a0-8ea6-e3553b34c521,b9e0b93e-e706-4e10-a187-5ba2bf7b3b98,422.94,True,suite,3,,,
REVIEW,dd02af17-792f-42e1-94ae-b5453c2b3f2f,be0c5419-26e0-47ed-b5a5-17f4db1245f2,e1eda9bc-1c55-450e-b4db-dffb82af4331,8,Final amount election worker possible rest bank gas.,,,,
ROOM,5314897e-6848-4f5c-b156-0108ff3a6a73,be0c5419-26e0-47ed-b5a5-17f4db1245f2,300.98,False,suite,2,,,
ROOM,e581faee-a299-4435-815c-61cdf3cf983c,fc7150a0-f0e9-4f0a-b5be-9c43626950a9,437.59,False,suite,3,,,
REVIEW,12cba4af-9a1f-4d5a-8af8-46e32ec84322,53f1dfb3-d26d-4d3a-9546-0184d6dbc79d,d379a2bc-69fb-46fc-9766-5d985a7502f9,2,End tax hear represent.,,,,
REVIEW,6c467f6c-8c79-4fbc-a632-42efcc4f0b97,d41038f9-3a2b-47fb-98e6-4a5614a703c7,6eb1550e-9808-4acb-aeb8-3ad230efd1e4,10,Tonight them cold real describe edge.,,,,
REVIEW,1fc92253-faa5-4d4e-8e34-e0434b3daf80,fc7150a0-f0e9-4f0a-b5be-9c43626950a9,be92b878-b37f-4e0b-8eb1-10ccc5936faa,4,Say almost wall program.,,,,
REVIEW,d79bc29e-6a28-490a-b70d-d2bcfdb8d51a,8c5ab1e6-3c92-4ee0-94e3-073f45df3516,ce0d7730-9614-47c1-b5d4-0fddefd70df5,10,Control cell draw trouble price newspaper.,,,,
REVIEW,8a2f6a12-be79-4dd8-b5ed-4a038fe63705,04ec1800-bfc4-4d0c-adfc-e7e7a1d26437,6cd12ad5-bd5d-4d3c-b683-ca394c5f98c3,7,Baby middle me natural.,,,,
REVIEW,f58aefd6-d7fb-4290-9c9d-562b6fe23f5f,663ae212-c201-43ad-b8a1-ab9101af83b7,af4ec2b4-afad-4c37-b7e0-2b62aa9d81a0,1,Establish receive film she run future.,,,,
ROOM,9dca631b-a504-4d61-adb0-781b331650d0,ed9265dc-d6d6-4482-973c-eedd14ce3138,274.64,False,standard,True,,,
ROOM,d6e545f0-6c4e-490a-af66-c2d0e2598a96,cc0bb177-53ed-45be-978d-8e3ab2aaa670,409.3,True,standard,False,,,
ROOM,902151f4-d530-46da-8848-7ab098f06aa7,4eb22fc9-21f4-4455-9a2a-a6136d25b907,405.97,True,standard,False,,,
ROOM,70a72a3d-d090-4061-a1f6-6027abfb7569,3858882a-2425-4965-9368-49b99ed9c565,473.37,True,suite,3,,,
ROOM,1520dfa2-bf25-404b-a666-308edbaef68f,3df09898-50f8-4c4e-b3b2-c6612dce1c06,276.61,True,suite,1,,,
REVIEW,424a4268-d40e-48ba-a1c3-aeccc77ed737,1317b493-7f71-4d2a-ba0c-a29776bd5c9f,2950e6b6-bc52-4703-91bc-81c06857ef07,3,Position every through change current.,,,,
REVIEW,a29b1448-1bd1-4c27-a87d-38f525c12610,c99daea5-ad6e-47d7-94b3-55bdcfcf6acb,f837a4fb-ee7a-48f3-b458-71fa71167add,4,Position everything rise special throw.,,,,
ROOM,2aae2a5f-4ac5-4b84-991d-eac04cf402c4,a069f425-0e0b-4b22-8c5d-5d96d5cc57a2,371.37,False,suite,3,,,
ROOM,d5ad665c-1ae8-43cb-81c4-a2c3d4b12f6f,b97332a9-ebe0-4f07-b9dc-08f2a8e8c8e0,179.2,True,suite,3,,,
REVIEW,a0a85ae5-23ff-4b39-93f3-49d0c0ad1789,c8c27bf0-3034-48f8-996a-33cad02f00cf,acb1b3b7-e025-48b0-a3ec-c5a33e3f8921,2,Result step remember sing.,,,,
REVIEW,c865bd69-fcbd-480e-ae3c-dc356832a4bf,f274c9cf-cd14-4dc4-a557-d9c3d43c17fd,8c76ea02-1062-4b92-a3c5-b9b23429ddf5,2,Run simple offer clearly.,,,,
ROOM,4115438e-d689-4e87-818f-2d21362f9b5c,9be3615c-fe2b-4f97-a6fc-da1f9fe3190a,168.77,False,standard,True,,,
REVIEW,7df25eef-df95-4b8b-918e-6ac50beccf92,ed9265dc-d6d6-4482-973c-eedd14ce3138,b5b43c79-7803-49a9-b6bb-a147b60f173d,9,Couple drive special about.,,,,
ROOM,59b7d7e4-70c1-4ab5-83cf-b537126cabfd,4eb22fc9-21f4-4455-9a2a-a6136d25b907,243.53,True,suite,1,,,
ROOM,733f5702-731f-479f-8c67-1aaf58f17ee6,be0c5419-26e0-47ed-b5a5-17f4db1245f2,73.54,True,suite,1,,,
ROOM,0918b21e-88cc-4d52-a1ca-93a1c6402824,f1b5faae-1eb2-4718-ae51-f33376cdbc66,340.3,False,standard,False,,,
REVIEW,08ff7ee0-b3e3-4979-ac78-52605c389235,53f1dfb3-d26d-4d3a-9546-0184d6dbc79d,52d4b355-3093-441a-b40e-cb8c71956dca,8,Agent moment sometimes four dream.,,,,
REVIEW,8395c775-cff6-4fdb-985c-22fbb4614f7c,799bd44c-a13b-48b7-9a5f-a2b5ea4e800b,5994e7b0-1b30-4b1b-bf7e-30b6264e9451,9,Say possible college rise dinner.,,,,
ROOM,ac638ca6-ab18-4f44-9858-b15426c6bb24,a67c1da3-2127-432c-93d4-7ecaf0c77867,444.39,False,standard,False,,,
ROOM,e232036c-2abd-4d79-8cf9-be7e93ea92f3,9be3615c-fe2b-4f97-a6fc-da1f9fe3190a,363.5,True,suite,3,,,
ROOM,2621bb03-60a5-4b34-aa95-2cd903c5d5d9,d41038f9-3a2b-47fb-98e6-4a5614a703c7,438.81,False,standard,True,,,
ROOM,e026ef71-ca2f-4149-878a-fc6b4866aff7,fbdbf762-3589-4b4d-abba-98180bdf5173,424.45,False,standard,True,,,
REVIEW,59b81cc4-81b9-4f29-b3a3-6adbe48032d5,0dc05a37-015b-48e4-8446-6300e437219a,8a1f74a7-2a46-409d-8ef3-08474e09e4fc,9,Development wrong great technology month different east.,,,,
REVIEW,baa27eff-0f38-4741-a857-c5ef671e468b,3def44bc-a5c2-4a66-bc44-ad293bebb493,acb1b3b7-e025-48b0-a3ec-c5a33e3f8921,8,Our watch see politics.,,,,
ROOM,10f8aacc-701f-4207-9b64-a0bcd82032d6,398d8d17-7d9c-4850-8f00-207612330468,369.2,True,standard,True,,,
REVIEW,f5408420-0845-4e0b-a825-6d7846d60e2d,a584003b-6f21-47d9-867b-53054ad77b73,fe4edce6-d089-4c8f-87d8-06485fc91355,5,South condition pretty inside.,,,,
REVIEW,e5df09e3-a2ec-4117-8fa5-8cfc359d443f,fa376297-2ead-488d-9f1d-9705cc6d5a4a,52d4b355-3093-441a-b40e-cb8c71956dca,8,Chair method involve win.,,,,
ROOM,000ad523-6faa-4636-ae6b-1a467a7deac4,53f1dfb3-d26d-4d3a-9546-0184d6dbc79d,441.15,True,suite,3,,,
ROOM,53135dc7-c940-4b39-a788-56bbd9346f62,3df09898-50f8-4c4e-b3b2-c6612dce1c06,474.25,False,standard,False,,,
REVIEW,6cabfd6a-bcb4-4c87-bb85-1c496489fa22,cdf6b1b2-6970-457a-835c-710ac91e241b,acb1b3b7-e025-48b0-a3ec-c5a33e3f8921,7,Civil author man under.,,,,
ROOM,2572870e-f4aa-4285-8a0a-7cba66d3e92b,9be3615c-fe2b-4f97-a6fc-da1f9fe3190a,416.8,False,standard,False,,,
ROOM,d6b5a6ce-2ab1-4bd4-a0de-9b89d86735fd,398d8d17-7d9c-4850-8f00-207612330468,171.88,False,standard,False,,,
REVIEW,786f14b6-747d-459a-ba3c-0a864879dc52,1317b493-7f71-4d2a-ba0c-a29776bd5c9f,d14e4286-89d3-42f4-a936-7511878924ed,3,Cold central agreement draw box site agency.,,,,
ROOM,494f8398-c5e3-4ae2-8926-fe61e5d0892f,9be3615c-fe2b-4f97-a6fc-da1f9fe3190a,318.84,True,standard,True,,,
ROOM,f7f795d3-bc7b-49d4-8466-cc4439137164,3def44bc-a5c2-4a66-bc44-ad293bebb493,166.64,False,standard,False,,,
REVIEW,dff1e8ee-4284-4135-8f92-4bae4bcffd7d,cdf6b1b2-6970-457a-835c-710ac91e241b,a9294810-71b2-453c-9eb1-c2bd2b5557e4,4,Nearly song tree huge.,,,,
ROOM,72f481c4-7659-43bc-ba81-55002cce501d,de6faef7-263d-4946-ac26-02aa4ea7c0fb,266.48,True,suite,1,,,
REVIEW,eddb3082-9fc1-491a-a79b-44526abaf02b,87b3b4dd-b496-413f-ac89-4922505a613c,1a6e0f14-df58-4180-98fb-abcfb9428b95,10,Among account clear find half international white.,,,,
REVIEW,86b20c6b-8dca-4dfd-a424-75cd1251480c,0dc05a37-015b-48e4-8446-6300e437219a,5316f4bf-0f9e-4b98-a02f-4a187cfffc1b,1,Generation probably everybody read even character.,,,,
ROOM,132519c7-57f0-4912-82c7-a85c9f82d5fa,9f3c2823-387f-43ef-8a43-7528e99d664b,321.01,True,suite,4,,,
REVIEW,76e51b45-3af2-41e7-813b-df6ebd9276a6,20480029-ffb2-4f1f-bc95-025b55325af8,f3f805da-6b9a-4f61-ae31-f9d5de6f575b,6,Song bag full miss end.,,,,
ROOM,5a4601f3-67bf-4e09-8ac7-0581a3d5d360,5795356f-15c6-4441-894e-ffc0ca8c171e,230.43,True,suite,4,,,
ROOM,dadf7305-73f2-4d87-834e-681f26fb470a,04ec1800-bfc4-4d0c-adfc-e7e7a1d26437,464.95,False,suite,4,,,
ROOM,a8f89be9-fb15-4b75-b5a4-124ef50151dc,b9e0b93e-e706-4e10-a187-5ba2bf7b3b98,425.69,False,suite,3,,,
ROOM,28090143-0500-46c9-aa15-51c48af9c52d,7b7b65cb-c13b-4983-8e78-82eab80e3f46,381.6,True,suite,4,,,
ROOM,79466a28-27dc-43ec-82fd-0f8e04e92742,cc0bb177-53ed-45be-978d-8e3ab2aaa670,138.08,False,suite,3,,,
REVIEW,afe037dd-2bce-4084-b663-917bdd2ac1f4,f1b5faae-1eb2-4718-ae51-f33376cdbc66,ce0d7730-9614-47c1-b5d4-0fddefd70df5,10,Fund to game water.,,,,
ROOM,2bd4101f-e829-49ff-8449-2791b9201380,a069f425-0e0b-4b22-8c5d-5d96d5cc57a2,116.31,False,suite,4,,,
REVIEW,fbeb7b11-c6de-43e0-8edc-35a84361ec2a,5795356f-15c6-4441-894e-ffc0ca8c171e,9fdab59b-5386-49ad-afbd-ee8a0dd1899d,9,Audience ten garden president.,,,,
REVIEW,a04f4e31-8f7a-4f30-835d-79cb8efa038d,fc7150a0-f0e9-4f0a-b5be-9c43626950a9,d14e4286-89d3-42f4-a936-7511878924ed,10,Here off reason list.,,,,
REVIEW,d7639ebc-a912-4f75-86a2-ec2db6fa6de2,a67c1da3-2127-432c-93d4-7ecaf0c77867,57c082af-a6fd-4e60-aa2e-8bceb3c4c198,9,Size current simple detail.,,,,
REVIEW,d2d13c4b-5655-4bd4-9f5d-e75cdcecd2f8,3df09898-50f8-4c4e-b3b2-c6612dce1c06,c84c6da6-8cb6-46ce-b2ec-36202bb41f96,4,Seven the law discover international.,,,,
REVIEW,dc23caff-cbc5-4231-8a02-1316dadd7b75,41a54b76-a74f-4ff1-b112-b32557c91c84,abc9b134-18dc-4388-bfc9-36abdede0dd8,9,These trial that behind land a.,,,,
REVIEW,31b46735-4d05-4645-9e37-5c0fb7db9b27,be0c5419-26e0-47ed-b5a5-17f4db1245f2,66982bdf-2e03-4036-a43a-1807cc9f9873,5,Life whose trade.,,,,
ROOM,10d97201-6271-4b99-af1b-eaa6c47393f0,38e7c13e-c468-40d7-9df2-98a17226d59f,210.8,False,suite,3,,,
ROOM,d1885493-c6e4-4764-88eb-297437205d82,9f3c2823-387f-43ef-8a43-7528e99d664b,421.66,True,standard,False,,,
REVIEW,1a26a8a0-bb09-4b71-97d7-cc476480ca44,f90344ad-d486-44a8-a0ff-1fd39f8ef723,8ca8625b-540f-4cbb-a113-f3cdd0fca519,3,Memory including do.,,,,
ROOM,ad45b15d-cb5d-4c51-b674-25eb5db8ff7d,3def44bc-a5c2-4a66-bc44-ad293bebb493,346.09,False,standard,False,,,
ROOM,0d1969ff-3e75-4b41-a6ab-2e57974f293b,fc7150a0-f0e9-4f0a-b5be-9c43626950a9,308.7,True,standard,True,,,
REVIEW,560c04c3-708a-4197-b4d0-c19d24e710c5,088a0975-f95b-4eb9-b9bc-c563e6f0070e,be038a43-8707-42fb-97ee-3dbd0d8bef3c,3,Rock church conference argue I ball.,,,,
REVIEW,d593732a-d7b3-41ad-944e-4e695f74884c,799bd44c-a13b-48b7-9a5f-a2b5ea4e800b,663f83fc-8ceb-4986-bea2-5f7a584efc83,5,Same even she cell president.,,,,
ROOM,7a8d6c5a-1921-4e18-a6cc-b186bf133f6d,3858882a-2425-4965-9368-49b99ed9c565,289.1,True,standard,False,,,
ROOM,118e1ba1-a025-4814-827d-448db57f7aff,0a15a635-8a21-41be-9228-a5f7fc3daa92,95.62,False,standard,True,,,
REVIEW,8957d90c-1439-4d27-8c43-9e399eadbaa0,f274c9cf-cd14-4dc4-a557-d9c3d43c17fd,8f0731e2-8ceb-470d-b706-ae95f0a087c4,9,Fast ago model entire land.,,,,
ROOM,f44637c4-9df1-48f4-9785-8bdfe03b09e5,48a33ac0-de66-445b-bed5-f4cecf695d74,456.59,True,standard,True,,,
ROOM,4e5c673a-df31-430c-81dd-a55a5d56bb9e,fc7150a0-f0e9-4f0a-b5be-9c43626950a9,130.01,True,standard,False,,,
REVIEW,285d09dc-1090-42c9-ab38-9daecae3255b,f1b5faae-1eb2-4718-ae51-f33376cdbc66,be92b878-b37f-4e0b-8eb1-10ccc5936faa,8,Age Democrat main green positive lose this.,,,,
REVIEW,d7c45942-a291-40a0-8c04-533a4099c660,3df09898-50f8-4c4e-b3b2-c6612dce1c06,57c082af-a6fd-4e60-aa2e-8bceb3c4c198,3,Arm mention claim buy.,,,,
ROOM,438e3467-88de-4d17-9ccb-d5beba27721c,cdf6b1b2-6970-457a-835c-710ac91e241b,192.32,False,suite,3,,,
REVIEW,2d6e5754-0fba-4119-8b9f-fe88fffd27e7,9f3c2823-387f-43ef-8a43-7528e99d664b,dcdb38ea-69b8-4ded-b37e-4c4cb2ca7cf6,3,Necessary computer exactly answer chair improve sign.,,,,
REVIEW,a6c34b15-31e2-4911-9d36-1ec74db3d573,b9e0b93e-e706-4e10-a187-5ba2bf7b3b98,85d299f7-7c42-4d77-b67b-507cc393bcb5,6,Or yet of citizen political event campaign decade.,,,,
ROOM,7cbfe9ed-642f-435d-a198-7d6167bcbc2e,be0c5419-26e0-47ed-b5a5-17f4db1245f2,161.56,False,suite,1,,,
REVIEW,1a705915-9dd0-4edf-863c-516cb176639a,04ec1800-bfc4-4d0c-adfc-e7e7a1d26437,0498a73a-eb3e-44c7-b4ba-9e04a265a1d8,8,Its throw music service offer use Congress interest.,,,,
REVIEW,6c78a0d5-741b-4b83-bae7-8885e4487c46,3def44bc-a5c2-4a66-bc44-ad293bebb493,c839a7e0-4ba2-4091-9c4a-fbe138138ca7,7,Budget tax and friend bag increase.,,,,
ROOM,41a5bc4b-41cf-4208-82b8-9cfc8cc17b56,a069f425-0e0b-4b22-8c5d-5d96d5cc57a2,405.63,False,suite,2,,,
REVIEW,03c1b876-17db-4513-a2ec-16ef61f5404d,088a0975-f95b-4eb9-b9bc-c563e6f0070e,58746fde-db02-4879-ba81-1c0099bd1344,4,Practice new already mean today more.,,,,
REVIEW,a7987e7a-f4be-4a06-9695-06069ce970b2,41a54b76-a74f-4ff1-b112-b32557c91c84,c8d51adc-e299-47c7-9d8a-81f090651328,9,Early amount page choice cell offer although.,,,,
ROOM,cb77c64d-cc1e-44aa-b983-3ac1d4470be6,fbdbf762-3589-4b4d-abba-98180bdf5173,436.87,True,standard,False,,,
REVIEW,05b7af3f-8396-48fb-8a82-a913e9505e00,cdf6b1b2-6970-457a-835c-710ac91e241b,a9294810-71b2-453c-9eb1-c2bd2b5557e4,10,Rate experience week every call be.,,,,
ROOM,9a99c6b2-d166-4dbd-87b3-a2dbeee0d612,3858882a-2425-4965-9368-49b99ed9c565,435.78,False,standard,True,,,
ROOM,4120feb8-e381-4ebd-88f7-295327e65d8e,f19c4cbf-66b9-4336-8fb7-d96c9b06e3e7,261.58,False,suite,2,,,
ROOM,9d8892a8-dfa7-4682-85c9-9b703019dd4b,9be3615c-fe2b-4f97-a6fc-da1f9fe3190a,437.58,False,suite,3,,,
ROOM,8535b78c-fdb6-4130-83c1-758980af4919,3858882a-2425-4965-9368-49b99ed9c565,387.43,False,suite,3,,,
REVIEW,4ee9a782-19bf-4e2d-ace4-2095e511f60b,c99daea5-ad6e-47d7-94b3-55bdcfcf6acb,09f72389-663c-434a-9e9d-ae17ff6e686c,10,Again foreign film agent.,,,,
REVIEW,6ab34d5d-8f99-4859-90a5-92cda6224484,088a0975-f95b-4eb9-b9bc-c563e6f0070e,80bbb46c-e793-424f-8aa2-189030b36784,3,Lay get human should rate.,,,,
REVIEW,6432027f-8ae4-4c58-b35c-3e35b772ac73,0c2f342c-2df1-400d-bcb6-f0118784f28c,395a6c59-0a5b-4832-84ce-f1f71c5253a0,8,Cold beat board face red matter bit.,,,,
REVIEW,c2bc0b4f-bd30-4128-8ee8-84acc7421925,a67c1da3-2127-432c-93d4-7ecaf0c77867,19a45de4-80f7-4ffb-a68d-5dc6e21f2d3c,5,Ten while that.,,,,
ROOM,b4722a77-38de-41ce-9d26-a2b2eca49998,663ae212-c201-43ad-b8a1-ab9101af83b7,141.52,True,standard,False,,,
REVIEW,9dc14bd2-2b1b-4f9f-91c8-cb70e352aada,7b7b65cb-c13b-4983-8e78-82eab80e3f46,b5b43c79-7803-49a9-b6bb-a147b60f173d,6,Nearly form shoulder them.,,,,
REVIEW,16b9acaa-8272-4982-9ae6-320e953f26de,28284a5f-79ab-4f6e-9a73-aa9202198d58,3d467a27-1d9e-46c9-bda3-93048d187985,7,Practice whatever mean act laugh agent.,,,,
ROOM,ca1ba971-fa6f-41ae-b9ff-deb862598e04,3858882a-2425-4965-9368-49b99ed9c565,84.89,False,suite,4,,,
ROOM,0154a084-6b7e-44a4-9693-6a0aaeb533b0,de6faef7-263d-4946-ac26-02aa4ea7c0fb,106.44,False,standard,False,,,
REVIEW,db9009ff-9dd6-467d-ac04-40cf3ed26c62,088a0975-f95b-4eb9-b9bc-c563e6f0070e,146ce826-d323-426a-b458-4cf31cccc130,8,Sing science relationship newspaper factor.,,,,
ROOM,49dc38cb-e61f-46d9-a594-63aa40fe9e6b,cdf6b1b2-6970-457a-835c-710ac91e241b,459.65,False,standard,False,,,
REVIEW,77b4aa4b-d913-4e61-9b88-c12dd67e798d,a67c1da3-2127-432c-93d4-7ecaf0c77867,1ad09614-3ed0-4f3d-aaf6-b6091739dfcc,9,Enough once expect dinner eye.,,,,
REVIEW,b8e264c4-0ca4-431f-9885-77cb8bab5b4f,799bd44c-a13b-48b7-9a5f-a2b5ea4e800b,412bb515-05f0-43bc-84ea-a972528f143a,6,Rule interesting show tough part national family.,,,,
REVIEW,40119db3-1883-42e5-9232-ff5932b92972,04ec1800-bfc4-4d0c-adfc-e7e7a1d26437,be92b878-b37f-4e0b-8eb1-10ccc5936faa,4,Deal good peace someone particularly arrive.,,,,
ROOM,bdd88040-7a2b-4d26-82da-24df2824205a,088a0975-f95b-4eb9-b9bc-c563e6f0070e,104.89,False,standard,True,,,
REVIEW,ccf82148-cbe1-4d66-89c6-8b1ff2ba97f3,f19c4cbf-66b9-4336-8fb7-d96c9b06e3e7,b28da413-a0a9-4f23-9608-601943e5e00c,8,Father door government.,,,,
REVIEW,f68c7ea8-3611-4f0d-98a2-335809679786,3def44bc-a5c2-4a66-bc44-ad293bebb493,36be592c-29f8-4c4d-923b-8081a08c2c79,7,Determine bank include return high.,,,,
ROOM,c52c9292-cee8-4e86-a864-e4b8c8f329c7,cc0bb177-53ed-45be-978d-8e3ab2aaa670,445.63,True,standard,True,,,
ROOM,a925af5e-c1f8-4324-8c6a-ae991bea7cf8,cc0bb177-53ed-45be-978d-8e3ab2aaa670,220.71,True,standard,True,,,
ROOM,9fb3dc83-656a-4e60-87b4-bf387340f27b,cc0bb177-53ed-45be-978d-8e3ab2aaa670,493.58,False,suite,3,,,
REVIEW,c215b1e2-656f-4579-a28f-59fb7ed9c7bb,663ae212-c201-43ad-b8a1-ab9101af83b7,b5b43c79-7803-49a9-b6bb-a147b60f173d,8,Challenge doctor his join.,,,,
ROOM,f3f5e7d5-15b1-4ab0-a6fc-cde99f259728,cc0bb177-53ed-45be-978d-8e3ab2aaa670,257.64,False,suite,4,,,
ROOM,62c9ab71-df28-4492-bf77-f1694502f100,b9e0b93e-e706-4e10-a187-5ba2bf7b3b98,212.99,True,suite,2,,,
ROOM,21c074f7-175c-4760-abf4-d2d47f6f2022,eac17380-809e-4c34-a24e-2b27dc31e7dc,388.63,True,standard,True,,,
ROOM,7cbd5155-ead3-4caf-8bdd-6f20c275a269,f19c4cbf-66b9-4336-8fb7-d96c9b06e3e7,330.07,False,suite,1,,,
REVIEW,f49beadb-a50c-4b74-937d-57592e478041,0a15a635-8a21-41be-9228-a5f7fc3daa92,f876dc0a-63b8-4bf7-a6d0-64d40b95518d,7,Send production draw Mrs society.,,,,
ROOM,924202ff-f077-4258-a782-4910acb83668,0c2f342c-2df1-400d-bcb6-f0118784f28c,271.52,True,standard,False,,,
ROOM,b6a3de0c-c648-4db1-957b-25a5e85ddc87,3858882a-2425-4965-9368-49b99ed9c565,133.25,True,suite,4,,,
REVIEW,8baff6fc-6d86-41fd-82a9-6e115adc9af8,de6faef7-263d-4946-ac26-02aa4ea7c0fb,ff015a8d-189b-403e-9071-3661dd7fe22e,9,Defense base imagine add always thousand as.,,,,
ROOM,6aeecb9e-159c-4669-8741-17a362fbd353,3858882a-2425-4965-9368-49b99ed9c565,73.39,True,standard,False,,,
REVIEW,927864b9-7edb-4380-8d13-d01e159556f6,48a33ac0-de66-445b-bed5-f4cecf695d74,80bbb46c-e793-424f-8aa2-189030b36784,2,His week value rather play third now.,,,,
ROOM,a8094fd7-6cca-4ccd-b486-37affc66c414,0c2f342c-2df1-400d-bcb6-f0118784f28c,204.32,True,suite,3,,,
REVIEW,d57779a1-2881-4627-a875-bf30d03f96e5,7b7b65cb-c13b-4983-8e78-82eab80e3f46,8ca8625b-540f-4cbb-a113-f3cdd0fca519,9,Hear exactly realize address behavior.,,,,
ROOM,adb26538-8fe1-4a0e-a169-f468dd69bd03,fa376297-2ead-488d-9f1d-9705cc6d5a4a,486.3,True,standard,False,,,
REVIEW,fc79e901-2a37-4faa-b717-9fdad37658ca,ceb792d3-abf3-48cd-86ca-7674933c8b0f,295fe304-b15c-409a-bb99-afb38743b5fa,10,Identify experience certain civil whether tend.,,,,
REVIEW,f04de38b-9b10-42d8-aa7e-27cb6d64c0a4,0dc05a37-015b-48e4-8446-6300e437219a,c84c6da6-8cb6-46ce-b2ec-36202bb41f96,8,Else treatment foot security appear.,,,,
REVIEW,0821a60f-3952-4ca2-970f-74d750db7b09,5795356f-15c6-4441-894e-ffc0ca8c171e,063237a9-db5c-4f01-87c1-979dbfbc9044,3,Situation day board business.,,,,
ROOM,7c21dc37-6ff3-480a-8735-fbea47e4ceeb,fa376297-2ead-488d-9f1d-9705cc6d5a4a,277.83,True,suite,4,,,
ROOM,b4a61219-1255-4f59-a92f-c425b57cd9f8,87b3b4dd-b496-413f-ac89-4922505a613c,262.01,False,standard,False,,,
ROOM,eb11d9ed-b755-4b58-ac12-8aa82bad1ad5,663ae212-c201-43ad-b8a1-ab9101af83b7,471.42,True,suite,4,,,
ROOM,8f6b3cfd-1fb1-47fd-af04-d027b0898460,398d8d17-7d9c-4850-8f00-207612330468,177.68,False,suite,2,,,
ROOM,38714e76-1b95-4a6e-8b77-8e37e25cadd9,0a15a635-8a21-41be-9228-a5f7fc3daa92,249.8,False,standard,True,,,
ROOM,cc1404b7-f28a-401c-9dde-210a7d4a4402,28284a5f-79ab-4f6e-9a73-aa9202198d58,309.88,True,standard,False,,,
REVIEW,9cc6c36c-a9d4-4cb2-a3ee-e785ec7012c8,f19c4cbf-66b9-4336-8fb7-d96c9b06e3e7,acb1b3b7-e025-48b0-a3ec-c5a33e3f8921,3,Design its cost catch author daughter prevent.,,,,
ROOM,3d09b347-740e-4260-a126-f8a8f692d95d,87b3b4dd-b496-413f-ac89-4922505a613c,237.96,True,suite,1,,,
REVIEW,acc8e8cc-6fdd-4942-814c-96a37c8df35c,90cdd515-334c-484c-8f7a-d523cc9b55af,31515845-fb8c-4403-ac41-a6c97de6a840,3,Laugh reality card party forget middle crime factor.,,,,
REVIEW,bbec9d00-8c44-46dc-99aa-9955d88fb6d5,0a15a635-8a21-41be-9228-a5f7fc3daa92,433f5cdf-2254-4483-9a75-59c945e4c02d,2,Doctor me write operation.,,,,
REVIEW,373168ae-fd02-4790-a188-7db541f236ed,a584003b-6f21-47d9-867b-53054ad77b73,f11ab2fe-4b19-4503-9def-95fa8ace16a4,3,Stage green once mind at black mother.,,,,
ROOM,be1a2859-6b2e-4f09-ba1e-e02f27b554a7,03a7ed38-13b6-4aed-a97d-d15232552913,489.87,True,suite,3,,,
REVIEW,08e250a2-6f37-4bfc-99c6-38f60d7888d2,398d8d17-7d9c-4850-8f00-207612330468,063237a9-db5c-4f01-87c1-979dbfbc9044,4,Hit anyone beautiful dark spring set plan.,,,,
REVIEW,e4d53b15-ef19-4a87-9f26-af2121bf8c48,398d8d17-7d9c-4850-8f00-207612330468,fda162ec-4bf9-441e-9015-b0c21b5ee4b6,5,Dark outside occur travel resource even near.,,,,
ROOM,8eb8c2ab-359c-40f6-b3a4-a6df429621af,03a7ed38-13b6-4aed-a97d-d15232552913,314.33,False,standard,False,,,
ROOM,66303f65-baa7-4827-be55-5cf39b19d66a,ed9265dc-d6d6-4482-973c-eedd14ce3138,404.27,True,suite,3,,,
REVIEW,2a1905ce-dde2-41d4-bc07-b3929ab02163,fc7150a0-f0e9-4f0a-b5be-9c43626950a9,6eb1550e-9808-4acb-aeb8-3ad230efd1e4,10,Evening find seven ball follow.,,,,
REVIEW,59bcf1ad-1855-4974-88f9-10c9c080e5d0,c757254c-45fb-4a4b-8525-129251a6b81e,7620f6a3-8b53-4f9d-923e-8db31f41d099,3,Somebody effort or glass will toward mind.,,,,
REVIEW,9ff344ad-7ae0-4a2a-b496-de14b09409e6,fa376297-2ead-488d-9f1d-9705cc6d5a4a,e489e0fe-bf61-40e9-afcf-91fdc29648c5,4,State send walk share.,,,,
REVIEW,56d50591-fd05-4f61-a594-d36a4bb2f219,f19c4cbf-66b9-4336-8fb7-d96c9b06e3e7,ccb7cec8-b4ac-429d-8e7e-0a85902d2af9,4,Plant mouth they.,,,,
ROOM,01cc6cc6-609d-4a40-b260-e932c2db0133,3858882a-2425-4965-9368-49b99ed9c565,265.56,True,suite,3,,,
ROOM,6d2b4311-2944-4ff7-9721-86df1ddc86d4,d41038f9-3a2b-47fb-98e6-4a5614a703c7,355.32,True,standard,True,,,
ROOM,e5f5fe39-f4c3-4ce5-9598-57d2e2daf401,0c2f342c-2df1-400d-bcb6-f0118784f28c,330.64,True,suite,2,,,
REVIEW,e4562da1-cd2f-45bc-803f-545734ce7e37,fc7150a0-f0e9-4f0a-b5be-9c43626950a9,c548d981-9680-425e-9697-d07676c21d85,2,His administration resource.,,,,
REVIEW,ef1d7cd8-185d-47bf-b1dd-a326bf4cc061,1317b493-7f71-4d2a-ba0c-a29776bd5c9f,1d97efc3-56dd-43d1-bd32-c2077eff643b,6,Audience him crime lose.,,,,
REVIEW,6af5b8dd-f859-41ef-9596-79469e3239f8,c8c27bf0-3034-48f8-996a-33cad02f00cf,ab021282-a33f-4861-837e-b432518bfdcc,1,Rest station late from training about.,,,,
ROOM,db77c5c8-6e70-4c43-b1a9-8847c18e2e46,cc0bb177-53ed-45be-978d-8e3ab2aaa670,267.74,False,standard,False,,,
ROOM,4fa5aa90-0f86-473a-b7cc-69860c980c57,c757254c-45fb-4a4b-8525-129251a6b81e,405.04,False,suite,2,,,
REVIEW,194e0552-ada5-4ea5-9c53-cd54afb77f68,9f3c2823-387f-43ef-8a43-7528e99d664b,2e470d81-6783-4e72-9649-84279ddd63a6,2,Call every recognize personal fill participant break special.,,,,
REVIEW,c06f1276-54a2-4af4-b20a-e139c2b07406,03a7ed38-13b6-4aed-a97d-d15232552913,f17e7300-8f5c-49a2-bf3e-170fa38e9245,2,Bank structure rest any else six fill past.,,,,
REVIEW,e2a96846-ebc8-49ce-a659-f8e7f6302891,eac17380-809e-4c34-a24e-2b27dc31e7dc,eb5e9452-77d3-4185-bf1b-89b0c52c1e53,2,Three south shake exactly.,,,,
ROOM,e0c99a19-728c-4802-ab49-fd9256a24838,f90344ad-d486-44a8-a0ff-1fd39f8ef723,262.82,True,suite,1,,,
REVIEW,ea8bf3cb-25bb-4422-b727-d5ed6df39df1,f90344ad-d486-44a8-a0ff-1fd39f8ef723,7a19a7fc-dea8-4748-8644-b85795674306,3,Right article woman difficult size per.,,,,
REVIEW,dc0b664d-999d-444d-a6c5-a7260fdd894f,f19c4cbf-66b9-4336-8fb7-d96c9b06e3e7,85d299f7-7c42-4d77-b67b-507cc393bcb5,1,Research himself find experience represent produce person heavy.,,,,
ROOM,c256c108-afc1-47e2-aadc-ddd3991ca878,eac17380-809e-4c34-a24e-2b27dc31e7dc,71.54,True,suite,3,,,
REVIEW,6c66aebc-e045-429e-bd9c-72ec000d843f,f19c4cbf-66b9-4336-8fb7-d96c9b06e3e7,6ab7e15c-2bc2-4180-a70b-b0cf6d4a751a,5,From arrive child time example through.,,,,
REVIEW,6f213ffc-4089-4261-89d9-c27db5dd53e9,663ae212-c201-43ad-b8a1-ab9101af83b7,0498a73a-eb3e-44c7-b4ba-9e04a265a1d8,4,Visit attention ready hard century significant little.,,,,
REVIEW,585dddbc-e5ff-4645-b667-a58eb920ae8c,c8c27bf0-3034-48f8-996a-33cad02f00cf,af2e5117-2be4-4479-af44-c00442f3bb74,6,Always relate perhaps tend particularly main practice.,,,,
ROOM,8c5d58ad-c76d-4126-98a6-f92144e96fdf,9f3c2823-387f-43ef-8a43-7528e99d664b,432.88,True,standard,True,,,
ROOM,1aaf0505-ea3e-45f2-9802-8be2cb29033e,0dc05a37-015b-48e4-8446-6300e437219a,114.13,False,standard,True,,,
REVIEW,9573ebbe-9967-4f12-8f8e-f6b16a5c3fb9,cdf6b1b2-6970-457a-835c-710ac91e241b,86955de8-2cb8-4124-bb56-a7fb87ef788c,4,Business animal store lawyer.,,,,
ROOM,2b8216d2-608b-4d9a-8a29-83c28ecabc93,04ec1800-bfc4-4d0c-adfc-e7e7a1d26437,326.56,False,suite,2,,,
REVIEW,aff30e49-6ea1-4540-8363-eb5020e714be,a584003b-6f21-47d9-867b-53054ad77b73,33a13e4f-d3fe-4994-9ffd-aaa5721837a2,10,Conference play bring trouble believe.,,,,
ROOM,48a63b62-4749-4b26-bef8-4b4b2aa5b7f4,f90344ad-d486-44a8-a0ff-1fd39f8ef723,284.17,False,standard,False,,,
REVIEW,04dbd2e2-8a06-4541-b2d6-35e959b3b86d,20480029-ffb2-4f1f-bc95-025b55325af8,90164c99-8c11-4612-904c-2d1f7f7e2091,7,Finally also final red.,,,,
ROOM,72a2aca0-3853-43a9-ae5c-1dad4628245d,f90344ad-d486-44a8-a0ff-1fd39f8ef723,93.38,False,standard,False,,,
REVIEW,f956fe03-99cb-4e90-b6f9-69ad5c15a7e8,f19c4cbf-66b9-4336-8fb7-d96c9b06e3e7,8b0252ce-5942-43a5-b072-063a4f9e2aa0,10,Prepare mouth cell training.,,,,
REVIEW,1c15ed74-379f-448a-969e-17a9d30f46ce,eac17380-809e-4c34-a24e-2b27dc31e7dc,65a49fff-d471-4147-a35a-3f7f78c2cd89,9,South president color behind true later.,,,,
ROOM,5df5eaab-30ec-4bef-8be6-0c00be61b5ee,c8c27bf0-3034-48f8-996a-33cad02f00cf,326.48,False,suite,3,,,
REVIEW,8a9fd0fb-64ff-4d6f-b052-649763bd1bed,90cdd515-334c-484c-8f7a-d523cc9b55af,146ce826-d323-426a-b458-4cf31cccc130,3,Win benefit do add in six situation lay.,,,,
ROOM,8c845b0e-bc66-44e2-b9e5-e708e1b18b9c,3def44bc-a5c2-4a66-bc44-ad293bebb493,308.01,True,standard,True,,,
ROOM,b865a25d-8f30-4e3b-9cb9-e08c01a05b2c,a584003b-6f21-47d9-867b-53054ad77b73,300.66,False,standard,True,,,
REVIEW,5a6a627b-21f2-42db-8925-34a78fccb339,04ec1800-bfc4-4d0c-adfc-e7e7a1d26437,aaeb32c3-9767-4edf-9a87-944456584307,5,Find character clear body agency continue stock.,,,,
REVIEW,d2c62063-d111-4cac-9f36-07646c5b265e,3def44bc-a5c2-4a66-bc44-ad293bebb493,122573d8-74b7-4dd1-a314-50b0387be61a,7,Culture family nothing popular middle face.,,,,
REVIEW,f152c98a-b25f-4cb9-a56d-6f61e22755ff,de6faef7-263d-4946-ac26-02aa4ea7c0fb,8147456a-b7c6-43f8-a30e-34e7257d6ad6,9,Money strong thank medical young.,,,,
ROOM,1291a30e-d8da-488d-841a-2671c68408bf,eac17380-809e-4c34-a24e-2b27dc31e7dc,203.43,True,suite,4,,,
REVIEW,f111fa5f-9673-4ca8-adaa-f70d446dce7a,7b7b65cb-c13b-4983-8e78-82eab80e3f46,c84c6da6-8cb6-46ce-b2ec-36202bb41f96,8,Any to meeting pick that.,,,,
REVIEW,e5ab518f-cf28-4928-a5fe-39799eb3134c,cc0bb177-53ed-45be-978d-8e3ab2aaa670,1068d087-f641-482b-bd30-57f55fd79fe9,7,Road next during dinner every leave.,,,,
REVIEW,1cb7e467-904e-40d8-b0dc-9eca4f9615f1,398d8d17-7d9c-4850-8f00-207612330468,1a6e0f14-df58-4180-98fb-abcfb9428b95,10,Expect teacher operation station interest fly.,,,,
REVIEW,3dec5285-4e7f-4b16-94b7-151fc30ddaed,d41038f9-3a2b-47fb-98e6-4a5614a703c7,e1921e94-0bc2-4c89-a0a4-2da9f4e85988,9,Sell behavior put author ahead.,,,,
ROOM,e18e6186-59ff-412f-b5e2-236a9c4cf954,c8c27bf0-3034-48f8-996a-33cad02f00cf,339.05,True,suite,4,,,
ROOM,adef08c5-b7a2-40e3-aa39-2dea77fa3c00,1317b493-7f71-4d2a-ba0c-a29776bd5c9f,122.22,True,suite,2,,,
REVIEW,d1a3f97e-8c13-4710-8f75-a5b846bfc8ee,20480029-ffb2-4f1f-bc95-025b55325af8,146ce826-d323-426a-b458-4cf31cccc130,7,Must painting conference fine.,,,,
REVIEW,dd137064-e3ef-48ca-9ac1-9013a6e154d5,9be3615c-fe2b-4f97-a6fc-da1f9fe3190a,c839a7e0-4ba2-4091-9c4a-fbe138138ca7,9,Executive spring artist check name.,,,,
REVIEW,ae4c1b9b-07fe-49ab-8c23-d9dcfdd90a29,3df09898-50f8-4c4e-b3b2-c6612dce1c06,dec4085c-79f2-42d3-ae34-93d2e93e7333,3,Whatever pressure care goal.,,,,
ROOM,01c456c9-23bf-44b2-a36e-e852e602b395,eac17380-809e-4c34-a24e-2b27dc31e7dc,164.64,True,suite,1,,,
REVIEW,c7cd7e48-c979-4aa6-aae7-15cac7bfcc20,87b3b4dd-b496-413f-ac89-4922505a613c,03317407-d137-4215-90fe-4b88c1193b19,1,Coach weight view explain then particularly.,,,,
ROOM,548af814-b62f-493e-b6ce-af36b0376d20,d41038f9-3a2b-47fb-98e6-4a5614a703c7,216.45,False,standard,True,,,
REVIEW,7b5c5b00-56a5-473a-bb97-a66d143f965a,088a0975-f95b-4eb9-b9bc-c563e6f0070e,6eb1550e-9808-4acb-aeb8-3ad230efd1e4,4,Service type decade look half key.,,,,
ROOM,0a8af514-d102-4659-a07a-14e19606f036,b97332a9-ebe0-4f07-b9dc-08f2a8e8c8e0,217.79,True,suite,4,,,
REVIEW,133e12dc-8750-463a-b35f-4c3d67b8feae,ed9265dc-d6d6-4482-973c-eedd14ce3138,ff015a8d-189b-403e-9071-3661dd7fe22e,6,Particularly sing determine note type reduce.,,,,
REVIEW,ed5e048c-1199-4125-a102-06c9ea947072,c8c27bf0-3034-48f8-996a-33cad02f00cf,03317407-d137-4215-90fe-4b88c1193b19,10,Consider popular Democrat discuss describe financial newspaper.,,,,
REVIEW,bb6b408a-c0f2-4e5c-a4b8-5d820831f46f,1317b493-7f71-4d2a-ba0c-a29776bd5c9f,1d0c1f38-2d11-491a-90be-94ce06fb22d2,5,Money be tough number.,,,,
ROOM,c41f9929-8211-49c6-adc7-75022c0cc6c8,3def44bc-a5c2-4a66-bc44-ad293bebb493,136.22,True,standard,False,,,
REVIEW,1ea9675e-428b-4142-b6ed-e680fe549c1a,cdf6b1b2-6970-457a-835c-710ac91e241b,9fdab59b-5386-49ad-afbd-ee8a0dd1899d,8,Evening tough station.,,,,
REVIEW,38f41403-4f9b-441f-b46c-914e14a5e180,c8c27bf0-3034-48f8-996a-33cad02f00cf,0498a73a-eb3e-44c7-b4ba-9e04a265a1d8,10,Organization his street much kind laugh.,,,,
REVIEW,065e1375-6fb0-47fe-8a03-cb3f83caa33a,0dc05a37-015b-48e4-8446-6300e437219a,c839a7e0-4ba2-4091-9c4a-fbe138138ca7,4,Industry especially quickly bring husband positive.,,,,
ROOM,65b9c87b-7185-4076-af7b-e92387e0c2f7,f1b5faae-1eb2-4718-ae51-f33376cdbc66,325.35,True,standard,False,,,
REVIEW,9e9b9e5f-f3c6-49e1-9dbc-82bdc377517e,9f3c2823-387f-43ef-8a43-7528e99d664b,89e23cdd-c10a-42f3-a3f8-28933a508bc7,5,Require nor firm head per.,,,,
ROOM,84f4ce05-ce86-47bd-80a0-ea526ca9c6a7,398d8d17-7d9c-4850-8f00-207612330468,474.12,False,suite,4,,,
REVIEW,b680d871-c988-47e7-9848-909dd611be07,fa376297-2ead-488d-9f1d-9705cc6d5a4a,aa5b2315-8732-4ed0-a2a1-9119aac9b2ae,8,Whom lay audience quite.,,,,
REVIEW,8af44f9c-38ed-439a-9bf6-22f379220083,fbdbf762-3589-4b4d-abba-98180bdf5173,d545dd3e-cf84-4281-a6c5-96a8dd6d2b62,9,History force say receive wait before.,,,,
ROOM,eb54442d-eb5b-45b3-8efd-f89286ce4ddb,53f1dfb3-d26d-4d3a-9546-0184d6dbc79d,269.99,False,suite,3,,,
ROOM,c0516a8c-9bc8-4ada-8103-11de6bc9d9e0,f19c4cbf-66b9-4336-8fb7-d96c9b06e3e7,446.9,True,standard,True,,,
REVIEW,57f531e9-3170-494b-8e23-d7856abf18e6,fbdbf762-3589-4b4d-abba-98180bdf5173,392da4f9-9507-4a01-91a2-b24bc0c88363,3,Child appear stage.,,,,
REVIEW,4587becc-9689-4196-8790-113f9e3cb298,41a54b76-a74f-4ff1-b112-b32557c91c84,433f5cdf-2254-4483-9a75-59c945e4c02d,1,Pick voice enough represent everyone blood rule leg.,,,,
ROOM,18a3f2ee-991b-4fa5-884a-3b0c28af01f4,0c2f342c-2df1-400d-bcb6-f0118784f28c,463.08,True,standard,True,,,
ROOM,90bb970f-68de-430f-8a99-2940246e8a24,f1b5faae-1eb2-4718-ae51-f33376cdbc66,60.72,True,standard,False,,,
ROOM,276764b7-f3db-4dcf-9d84-b1270f7d0c62,de6faef7-263d-4946-ac26-02aa4ea7c0fb,414.13,False,suite,4,,,
ROOM,f27951f5-38e3-4c63-8f51-aada010ad06c,fa376297-2ead-488d-9f1d-9705cc6d5a4a,474.32,False,standard,True,,,
ROOM,718fe21a-1ec8-4e0e-803c-21dd06abbca7,0dc05a37-015b-48e4-8446-6300e437219a,157.93,True,standard,True,,,
ROOM,b6b6e8e4-01ca-421f-a1aa-d14dc5a4293e,fa376297-2ead-488d-9f1d-9705cc6d5a4a,431.69,True,standard,False,,,
REVIEW,a539f6b3-4b4c-4748-a6ee-c7c1e8f89605,cc0bb177-53ed-45be-978d-8e3ab2aaa670,0bfdc355-960b-4669-b0ed-5d2f1316d12a,1,Agreement throughout significant play notice.,,,,
ROOM,40dcb64f-79b4-48fa-870d-4d6beefa30ed,41a54b76-a74f-4ff1-b112-b32557c91c84,318.72,False,standard,False,,,
ROOM,d575b22d-b480-4dc7-811e-f8910e669feb,0a15a635-8a21-41be-9228-a5f7fc3daa92,262.89,True,suite,1,,,
REVIEW,ad2cfcfe-1519-4bc3-b393-66fd7ecb0d41,0a15a635-8a21-41be-9228-a5f7fc3daa92,00758169-8997-43bf-bf2a-f50edf59fa4d,5,Consumer foot care allow son once.,,,,
REVIEW,11de01d2-95d6-44ea-8067-067ce4eb3541,b9e0b93e-e706-4e10-a187-5ba2bf7b3b98,dec4085c-79f2-42d3-ae34-93d2e93e7333,2,Whole throughout feel common Mrs prove situation.,,,,
ROOM,5dcee614-d825-4ba3-ad87-59969a79655d,fbdbf762-3589-4b4d-abba-98180bdf5173,196.49,True,suite,4,,,
REVIEW,31017b58-144b-4d3b-9954-b612403442aa,38e7c13e-c468-40d7-9df2-98a17226d59f,85d299f7-7c42-4d77-b67b-507cc393bcb5,10,Material American only statement likely professor must.,,,,
ROOM,56a29705-ebae-439a-bfc3-65bc422cbb96,fbdbf762-3589-4b4d-abba-98180bdf5173,88.67,True,suite,2,,,
REVIEW,4429ad51-7c45-4596-a2a9-83f9e47fc3e9,8c5ab1e6-3c92-4ee0-94e3-073f45df3516,062de416-8070-41c4-b170-d8563afd59b0,10,Recent music turn number.,,,,
ROOM,fdc67e11-6b2a-491b-897a-82e4a3ccd853,0dc05a37-015b-48e4-8446-6300e437219a,449.01,False,standard,False,,,
ROOM,7d1886fb-38c5-4de7-aba3-f0ac6bdd3b55,20480029-ffb2-4f1f-bc95-025b55325af8,439.89,True,standard,False,,,
ROOM,acc8160c-f0b1-4bc9-af13-c2c87ca905c9,04ec1800-bfc4-4d0c-adfc-e7e7a1d26437,371.64,True,suite,3,,,
ROOM,0e049f4d-b885-48f8-9e47-7229e70f1a37,c8c27bf0-3034-48f8-996a-33cad02f00cf,194.79,False,suite,1,,,
ROOM,d4ca0f9c-a80f-46f5-a1c2-58f270154bb8,8c5ab1e6-3c92-4ee0-94e3-073f45df3516,82.84,True,standard,False,,,
REVIEW,a71d2efc-5189-43c2-baab-7af94052a086,a584003b-6f21-47d9-867b-53054ad77b73,0a524c6b-af9c-4e42-a605-a3dbfbaaa0d2,9,At per approach reality newspaper all policy.,,,,
ROOM,d3489ff8-2ff1-4f77-b263-36a8eca47449,9f3c2823-387f-43ef-8a43-7528e99d664b,195.87,True,suite,1,,,
ROOM,ba7d136a-0d6d-42b7-9c13-5f4ae24f2180,1317b493-7f71-4d2a-ba0c-a29776bd5c9f,90.72,True,suite,2,,,
REVIEW,d9089bbf-eb42-415b-afa2-cb39c4f552a4,9be3615c-fe2b-4f97-a6fc-da1f9fe3190a,8c76ea02-1062-4b92-a3c5-b9b23429ddf5,4,Near respond deal past speech thus.,,,,
ROOM,c19f29a9-9c9f-4a3f-902c-255dce67244f,799bd44c-a13b-48b7-9a5f-a2b5ea4e800b,437.09,True,suite,3,,,
REVIEW,e72d7cea-8a8b-4310-a23f-1d3877eff2e5,53f1dfb3-d26d-4d3a-9546-0184d6dbc79d,ab021282-a33f-4861-837e-b432518bfdcc,1,Ago rate west loss degree.,,,,
REVIEW,4b69bfb1-0778-47a8-9693-5b9be785bb61,a67c1da3-2127-432c-93d4-7ecaf0c77867,05327a3f-32c0-4f20-a9dc-d218b8c32a6c,8,Prove draw show every growth that network team.,,,,
REVIEW,bbb613fa-b854-4045-94c6-3ac838ece371,799bd44c-a13b-48b7-9a5f-a2b5ea4e800b,b676477c-692d-458e-8d3b-42b9128924b3,6,Let rest manage impact give join.,,,,
REVIEW,6eb01d74-21bb-4c35-b78d-680fa8d3c750,088a0975-f95b-4eb9-b9bc-c563e6f0070e,95695487-5f2c-454f-a982-62b5dc9aedf9,7,Record why bill specific argue.,,,,
ROOM,08e14141-da4d-4d52-a4c8-8d9f9bec2b06,fbdbf762-3589-4b4d-abba-98180bdf5173,413.59,False,standard,True,,,
ROOM,5b08eca8-ae86-42e3-8055-b328c8736b4b,398d8d17-7d9c-4850-8f00-207612330468,234.45,True,suite,2,,,
ROOM,c1a7b0bd-9a29-4a9f-a979-97b2a4eeffda,a67c1da3-2127-432c-93d4-7ecaf0c77867,321.79,True,standard,True,,,
ROOM,c1169912-1f67-4ede-9ebb-52678e779c71,53f1dfb3-d26d-4d3a-9546-0184d6dbc79d,349.72,True,suite,3,,,
ROOM,d0ac8735-b5c5-458f-baa9-ff9078ea2fc9,663ae212-c201-43ad-b8a1-ab9101af83b7,116.24,True,suite,2,,,
REVIEW,96d959e9-404f-4073-826d-41622d8a7c04,799bd44c-a13b-48b7-9a5f-a2b5ea4e800b,00758169-8997-43bf-bf2a-f50edf59fa4d,6,Six watch bring certainly herself probably.,,,,
ROOM,8f262f68-389e-4233-9bc5-d39539cb5344,f19c4cbf-66b9-4336-8fb7-d96c9b06e3e7,132.11,True,standard,False,,,
REVIEW,7f4bf760-480f-427d-be23-9f455e15dc99,cc0bb177-53ed-45be-978d-8e3ab2aaa670,2950e6b6-bc52-4703-91bc-81c06857ef07,4,Experience every trial green.,,,,
ROOM,a1d8edb3-b48b-4c90-8c4e-0d1dae984d05,8c5ab1e6-3c92-4ee0-94e3-073f45df3516,438.81,False,suite,4,,,
ROOM,17a9746d-484b-4c6a-bd6a-8ed886ba68c9,f90344ad-d486-44a8-a0ff-1fd39f8ef723,95.63,False,suite,4,,,
REVIEW,142d1f3c-ee41-4ab0-a4c1-cb8f87037527,87b3b4dd-b496-413f-ac89-4922505a613c,663f83fc-8ceb-4986-bea2-5f7a584efc83,3,According area data building add official push brother.,,,,
ROOM,20c77123-6d09-489b-8784-85684b62b0c0,c757254c-45fb-4a4b-8525-129251a6b81e,271.91,True,suite,3,,,
REVIEW,01be5571-87d6-42b3-8b2a-70d829bc5477,ed9265dc-d6d6-4482-973c-eedd14ce3138,5316f4bf-0f9e-4b98-a02f-4a187cfffc1b,7,Particularly have hard.,,,,
REVIEW,d95385de-1b92-47ef-ad6a-d401dbfc2289,f90344ad-d486-44a8-a0ff-1fd39f8ef723,b676477c-692d-458e-8d3b-42b9128924b3,8,Policy check whether audience impact act.,,,,
ROOM,9abc45fd-c237-407b-b51c-0d0239ab3e59,cdf6b1b2-6970-457a-835c-710ac91e241b,362.74,True,standard,False,,,
REVIEW,39b37b78-aced-43a8-9065-aa043a1f2552,9be3615c-fe2b-4f97-a6fc-da1f9fe3190a,df997752-4791-4343-b5c2-7b4e75f3bfd3,4,Address difference control age.,,,,
ROOM,90df1e8f-f84c-460f-98eb-739e732fb1d4,04ec1800-bfc4-4d0c-adfc-e7e7a1d26437,353.66,True,standard,True,,,
ROOM,a31ad5c5-1709-47e6-bd2c-e28b5932abd6,0c2f342c-2df1-400d-bcb6-f0118784f28c,121.13,True,standard,False,,,
ROOM,b833f9ac-7510-4442-8b1b-d75f5e6b0466,c757254c-45fb-4a4b-8525-129251a6b81e,209.95,False,suite,3,,,
ROOM,3f7253ee-ca42-4bac-a165-e1ade53b55b1,398d8d17-7d9c-4850-8f00-207612330468,439.76,True,suite,1,,,
REVIEW,4eb5f7ba-1ec5-444e-9e3d-15506fcb2690,663ae212-c201-43ad-b8a1-ab9101af83b7,c3eb4fc7-7d83-484d-81a0-1e95d89e3eb0,4,Task fear security item suffer.,,,,
ROOM,3be486b9-6bd5-4461-bf52-438ef801dd9a,0c2f342c-2df1-400d-bcb6-f0118784f28c,463.75,False,suite,3,,,
ROOM,c9bbb256-bdf8-41aa-9fee-f1ddc023b0ef,eac17380-809e-4c34-a24e-2b27dc31e7dc,327.55,True,standard,False,,,
ROOM,a71522e8-f06c-412f-9e58-dbf53bbd6eb7,088a0975-f95b-4eb9-b9bc-c563e6f0070e,346.33,True,suite,4,,,
REVIEW,8dd1ab3e-7ba0-4e71-a0df-713243369be8,c99daea5-ad6e-47d7-94b3-55bdcfcf6acb,af2e5117-2be4-4479-af44-c00442f3bb74,8,Whose pattern blue car too.,,,,
REVIEW,c5ec4b18-fb63-455f-897f-929f4bd8810c,398d8d17-7d9c-4850-8f00-207612330468,bebf70cc-2fb4-4930-ab2a-aa47e99264df,5,Treat threat cut chair but.,,,,
REVIEW,06c61aa1-537b-4b47-abbf-55bf452f5d57,a67c1da3-2127-432c-93d4-7ecaf0c77867,01146f8b-d797-4ac8-b6fa-8369cc22debc,7,Again edge public peace these.,,,,
REVIEW,e406b767-a788-4836-8411-19f7fead2c45,f274c9cf-cd14-4dc4-a557-d9c3d43c17fd,f3f805da-6b9a-4f61-ae31-f9d5de6f575b,8,Tell property face TV beyond move.,,,,
REVIEW,84317cb4-a0f8-49ad-9de7-b9cf729ef515,87b3b4dd-b496-413f-ac89-4922505a613c,58746fde-db02-4879-ba81-1c0099bd1344,6,Agreement north rate often nation.,,,,
REVIEW,24b48c2f-dea5-44d3-8f54-8424bc7581de,c757254c-45fb-4a4b-8525-129251a6b81e,c548d981-9680-425e-9697-d07676c21d85,8,Term approach prove pattern thought draw let.,,,,
ROOM,bdc1d598-c473-45b3-888b-172ca7b05f05,a069f425-0e0b-4b22-8c5d-5d96d5cc57a2,406.35,True,suite,1,,,
ROOM,b2c262dd-5d06-4ebd-b4be-864fdb23c6e7,cc0bb177-53ed-45be-978d-8e3ab2aaa670,347.36,True,standard,False,,,
REVIEW,5e529943-8c40-4b46-87fe-5d74cf58bd64,fa376297-2ead-488d-9f1d-9705cc6d5a4a,5b2abe21-e90e-48ae-b962-14c5dd412c6d,8,Win political blood staff.,,,,
ROOM,a0640ef8-0f67-4092-8daa-9fe62a4954e6,48a33ac0-de66-445b-bed5-f4cecf695d74,337.01,True,standard,True,,,
REVIEW,f317265e-0c5a-4709-8438-1e334148b2ac,0dc05a37-015b-48e4-8446-6300e437219a,86955de8-2cb8-4124-bb56-a7fb87ef788c,2,Attention international such fear along few.,,,,
ROOM,f8090ec5-1607-48c9-b329-226b896acdf1,b9e0b93e-e706-4e10-a187-5ba2bf7b3b98,167.75,False,standard,True,,,
REVIEW,1bd121b5-2066-4c15-9da8-53d0bdae36c4,a069f425-0e0b-4b22-8c5d-5d96d5cc57a2,cfe3541e-b5cc-4cae-8391-ae54e94b25cc,3,Free consider decade cold certainly.,,,,
ROOM,4cc3677d-cd3a-4155-98cd-7dbef04f6939,f1b5faae-1eb2-4718-ae51-f33376cdbc66,255.41,True,suite,4,,,
REVIEW,9c5238cc-2cb2-42ce-b1e0-9dc4c22c88d2,87b3b4dd-b496-413f-ac89-4922505a613c,a040d24f-7f52-4c18-9fcf-b6ac58bb73fc,1,Anyone community TV soon on.,,,,
REVIEW,aee58d7e-8327-44a9-a488-317f732a3f03,53f1dfb3-d26d-4d3a-9546-0184d6dbc79d,89e23cdd-c10a-42f3-a3f8-28933a508bc7,4,Affect enough remain method.,,,,
ROOM,7f36adc0-19ce-492a-8e76-851f579b5bd8,c99daea5-ad6e-47d7-94b3-55bdcfcf6acb,201.1,True,standard,False,,,
ROOM,e6efdf8f-0ac3-428a-8bbb-69a7990607d9,eac17380-809e-4c34-a24e-2b27dc31e7dc,107.24,False,standard,False,,,
ROOM,18bb9bb9-0595-4fee-8b9f-1a91225b47c3,8c5ab1e6-3c92-4ee0-94e3-073f45df3516,72.49,False,standard,True,,,
REVIEW,c8449e28-00fa-4fba-b45d-382dce3c2be7,9f3c2823-387f-43ef-8a43-7528e99d664b,be038a43-8707-42fb-97ee-3dbd0d8bef3c,1,Cultural responsibility eight compare need summer.,,,,
REVIEW,cd952e5a-fa2d-40bf-a26b-66871fb222c2,f90344ad-d486-44a8-a0ff-1fd39f8ef723,4152388a-f9aa-4cfb-ac91-279a6cbaa07c,8,When our fear education.,,,,
ROOM,46157183-fe13-41b2-9f57-aea590af528f,9be3615c-fe2b-4f97-a6fc-da1f9fe3190a,319.88,False,suite,1,,,
REVIEW,7448a08d-3823-41ff-bcdf-ed4a5d11e775,398d8d17-7d9c-4850-8f00-207612330468,e1eda9bc-1c55-450e-b4db-dffb82af4331,9,Be cut owner future seem owner.,,,,
REVIEW,fd216c67-da8c-4cd6-9cee-0409f049cc59,41a54b76-a74f-4ff1-b112-b32557c91c84,58746fde-db02-4879-ba81-1c0099bd1344,7,Continue court increase exactly.,,,,
ROOM,62336444-525f-4cb3-b202-3a4817e7cf86,be0c5419-26e0-47ed-b5a5-17f4db1245f2,153.47,True,standard,False,,,
REVIEW,9b0c0d0c-d1ab-477c-b897-26f187d43b2d,3def44bc-a5c2-4a66-bc44-ad293bebb493,c0582ec7-c4c6-476d-9d6a-d780c417a1c1,1,Half gas various develop thousand.,,,,
REVIEW,7ff31f28-0b22-4189-aaa3-db7cb23679e2,87b3b4dd-b496-413f-ac89-4922505a613c,43c74092-adf6-46a9-b0b0-66d502e36de2,3,Store director lose.,,,,
ROOM,ff182fa1-4ad9-472e-9c14-7003fc12f4de,1317b493-7f71-4d2a-ba0c-a29776bd5c9f,60.9,False,suite,1,,,
ROOM,26ba7681-a2c2-4e8d-939c-1d2c1608629a,5795356f-15c6-4441-894e-ffc0ca8c171e,112.61,False,standard,False,,,
REVIEW,e16ef122-2266-4732-97e8-c4b950f34091,ed9265dc-d6d6-4482-973c-eedd14ce3138,1068d087-f641-482b-bd30-57f55fd79fe9,2,Provide face remember beyond of.,,,,
REVIEW,825ced88-1fe2-4018-a8d6-accdd87850f6,a069f425-0e0b-4b22-8c5d-5d96d5cc57a2,aba42450-7969-40f0-b825-96b7c0541d5f,3,Yard usually service keep recently door.,,,,
ROOM,88799819-ed4d-4dd9-9599-743713f331c4,9be3615c-fe2b-4f97-a6fc-da1f9fe3190a,470.62,False,standard,False,,,
REVIEW,eb448a5a-4cc7-4d07-8d03-02d84dca6d65,fc7150a0-f0e9-4f0a-b5be-9c43626950a9,6cd12ad5-bd5d-4d3c-b683-ca394c5f98c3,2,Behavior series especially because cup soldier fact.,,,,
ROOM,545fbfa5-85e0-4121-8add-f6630997d172,3def44bc-a5c2-4a66-bc44-ad293bebb493,171.12,True,standard,True,,,
REVIEW,b9ca7b90-a271-4bc6-bec3-7af7892f5c79,9f3c2823-387f-43ef-8a43-7528e99d664b,562cfbff-3c4d-4b68-b825-39bfc2461c02,2,Air stock hour energy.,,,,
REVIEW,7f7c8c7d-fdb3-49b8-a593-2f48489e5d60,c8c27bf0-3034-48f8-996a-33cad02f00cf,8147456a-b7c6-43f8-a30e-34e7257d6ad6,6,Nearly organization level red.,,,,
REVIEW,8cde7b86-0dc8-460d-a7ea-3aba071e245d,9f3c2823-387f-43ef-8a43-7528e99d664b,b68f736b-0420-407f-84d5-09e1614c6e5a,7,Night fly fight reason or.,,,,
ROOM,eca93a84-0c19-4e6b-84e5-8f5ba1742688,663ae212-c201-43ad-b8a1-ab9101af83b7,233.56,False,standard,False,,,
REVIEW,8963f47e-f02c-4183-a96e-2f3ea07b78d2,87b3b4dd-b496-413f-ac89-4922505a613c,36be592c-29f8-4c4d-923b-8081a08c2c79,2,Red wind watch rock though wind.,,,,
REVIEW,5af611c4-04e4-426a-9cc0-997463ff75e5,0c2f342c-2df1-400d-bcb6-f0118784f28c,63d21aa5-3bee-4246-bc00-4d306f75f55b,10,Five lay could analysis evidence.,,,,
ROOM,a53129b1-eed9-4352-b8a0-36ec6219345b,9be3615c-fe2b-4f97-a6fc-da1f9fe3190a,180.13,False,standard,True,,,
ROOM,1dae29c6-2321-47ff-a170-e10c6fae9fc5,c757254c-45fb-4a4b-8525-129251a6b81e,454.63,True,suite,1,,,
REVIEW,fed8a62c-8ec9-443d-bfcd-80fd77fb2d4a,ceb792d3-abf3-48cd-86ca-7674933c8b0f,0498a73a-eb3e-44c7-b4ba-9e04a265a1d8,8,Parent laugh statement.,,,,
REVIEW,1e44dac0-703c-4163-b9bf-eb297e3d62e1,799bd44c-a13b-48b7-9a5f-a2b5ea4e800b,f876dc0a-63b8-4bf7-a6d0-64d40b95518d,10,Explain exist oil environment economic.,,,,
ROOM,6c8ba1cf-bac1-41d2-bdc9-2cc4ef389276,fa376297-2ead-488d-9f1d-9705cc6d5a4a,149.15,False,suite,2,,,
ROOM,e63f20b2-d1cd-4400-b823-de1f3c413810,be0c5419-26e0-47ed-b5a5-17f4db1245f2,101.33,True,suite,3,,,
ROOM,d6b8b188-fced-41a4-84c2-74ae763a5e3e,cdf6b1b2-6970-457a-835c-710ac91e241b,382.24,False,standard,True,,,
ROOM,c2e870cd-89c7-456d-9d89-4e099e38890f,0dc05a37-015b-48e4-8446-6300e437219a,410.62,True,standard,True,,,
ROOM,cfbd41c0-0e69-460a-b736-97b9f1d3aa2c,28284a5f-79ab-4f6e-9a73-aa9202198d58,192.2,True,standard,True,,,
ROOM,0bd2575f-bc31-48c8-b09b-59ed4215fb53,b9e0b93e-e706-4e10-a187-5ba2bf7b3b98,350.72,False,standard,False,,,
REVIEW,f62c5d5a-b0b2-47f9-8775-1b9edae7bce7,1317b493-7f71-4d2a-ba0c-a29776bd5c9f,349301f2-22d8-4130-a6df-53a8642719bc,6,Show pattern whose.,,,,
REVIEW,4fc47706-72ee-4953-ae08-a061cb554123,03a7ed38-13b6-4aed-a97d-d15232552913,cab8bb64-cc1a-4d9c-a9d4-4681931f5e71,5,Take person ability with wish beautiful.,,,,
ROOM,2af88d97-9542-46fe-948f-208c113d7f84,cdf6b1b2-6970-457a-835c-710ac91e241b,476.96,False,suite,4,,,
REVIEW,788f41f1-7b44-44d9-91ad-5c945e68c53f,0dc05a37-015b-48e4-8446-6300e437219a,c0582ec7-c4c6-476d-9d6a-d780c417a1c1,3,Scientist as somebody open.,,,,
ROOM,9558e5d9-e6c4-48cf-bd25-b148bbbf07c2,a584003b-6f21-47d9-867b-53054ad77b73,89.24,True,suite,2,,,
REVIEW,090fd923-eae0-42b6-a969-8ad545112cab,8c5ab1e6-3c92-4ee0-94e3-073f45df3516,ed5344ec-5169-4cfb-8d1a-80fdb359b55c,6,Fill pressure late hour who against point.,,,,
REVIEW,3059c07d-d90b-40cf-91be-6dddaa4aa6fb,04ec1800-bfc4-4d0c-adfc-e7e7a1d26437,f837a4fb-ee7a-48f3-b458-71fa71167add,2,Other month career final put choice.,,,,
REVIEW,fe38f80c-bacd-4e17-9e97-c682084a33db,4eb22fc9-21f4-4455-9a2a-a6136d25b907,89e23cdd-c10a-42f3-a3f8-28933a508bc7,4,Poor evidence material dinner check toward table.,,,,
ROOM,f621e875-8878-4d8d-bd91-2b0c3714ed1b,5795356f-15c6-4441-894e-ffc0ca8c171e,236.72,True,standard,True,,,
ROOM,a145c775-bd49-46e1-b3c4-9886d259e139,f274c9cf-cd14-4dc4-a557-d9c3d43c17fd,396.07,True,standard,False,,,
ROOM,1f10e95f-5bbc-47ec-b483-8ef015f85ebe,53f1dfb3-d26d-4d3a-9546-0184d6dbc79d,218.32,False,standard,False,,,
REVIEW,dbceed84-8c78-46bf-b070-c338d9434733,a069f425-0e0b-4b22-8c5d-5d96d5cc57a2,43c74092-adf6-46a9-b0b0-66d502e36de2,8,Other think value include surface add education.,,,,
REVIEW,3c108ea3-8af3-4ec3-af91-84eb33b840ba,20480029-ffb2-4f1f-bc95-025b55325af8,be038a43-8707-42fb-97ee-3dbd0d8bef3c,9,As sort building know view short why.,,,,
REVIEW,d40e4c72-61a9-4b9e-8362-97711a1a7c15,0dc05a37-015b-48e4-8446-6300e437219a,af2e5117-2be4-4479-af44-c00442f3bb74,7,Him like in likely thus once morning.,,,,
REVIEW,c8b7e191-bf77-4672-b25c-61d0680cade5,4eb22fc9-21f4-4455-9a2a-a6136d25b907,3d467a27-1d9e-46c9-bda3-93048d187985,10,Their piece soon camera later system.,,,,
REVIEW,cf9a00cb-5669-4e92-9d70-c20b8afcd5c3,398d8d17-7d9c-4850-8f00-207612330468,6b6ef403-8ae4-4fb2-a692-16a129a8cf5c,2,Generation friend another.,,,,
REVIEW,68713d64-c4cd-423b-ac62-6b313d6dd4a8,20480029-ffb2-4f1f-bc95-025b55325af8,5606f344-132b-48b5-a98d-342d068cc842,7,Painting health clearly computer prove decide try.,,,,
REVIEW,5fdd9622-4356-4a27-a5b8-7ce37273ba21,cc0bb177-53ed-45be-978d-8e3ab2aaa670,8c76ea02-1062-4b92-a3c5-b9b23429ddf5,4,Concern kitchen rich only however enjoy miss meet.,,,,
REVIEW,091ba56c-df1f-4c56-8e2e-407f5a890f8f,90cdd515-334c-484c-8f7a-d523cc9b55af,b28da413-a0a9-4f23-9608-601943e5e00c,9,Year in personal place authority hand whatever.,,,,
REVIEW,4ca56c97-35ec-484e-a939-75caaea837d4,cdf6b1b2-6970-457a-835c-710ac91e241b,f876dc0a-63b8-4bf7-a6d0-64d40b95518d,4,Arm oil share attention radio real but be.,,,,
ROOM,66b4539d-e48c-49b7-90b6-c6ee560824c3,cdf6b1b2-6970-457a-835c-710ac91e241b,393.33,True,standard,True,,,
ROOM,ce4cfb03-7493-4a8f-8567-8e81d90a0a9b,c757254c-45fb-4a4b-8525-129251a6b81e,488.48,True,standard,True,,,
REVIEW,9924b457-5386-4474-a19a-589c4b255ea4,663ae212-c201-43ad-b8a1-ab9101af83b7,f11ab2fe-4b19-4503-9def-95fa8ace16a4,1,Offer direction remember anyone according police third.,,,,
ROOM,949cdf75-e5fa-473f-9092-b0a6b11374dc,1317b493-7f71-4d2a-ba0c-a29776bd5c9f,115.47,True,suite,1,,,
REVIEW,b211dde7-ca4a-49ef-b105-b21060236f63,90cdd515-334c-484c-8f7a-d523cc9b55af,05327a3f-32c0-4f20-a9dc-d218b8c32a6c,8,Report season something change soldier large hour.,,,,
ROOM,0f805524-333a-40db-a1d7-bd53a14dd2cf,a67c1da3-2127-432c-93d4-7ecaf0c77867,96.85,True,standard,True,,,
ROOM,536daf17-9c95-441a-8f4a-d02be8342bcd,03a7ed38-13b6-4aed-a97d-d15232552913,348.97,True,suite,4,,,
REVIEW,cc4b222a-bace-464f-a0ee-58cfe4f4206f,eac17380-809e-4c34-a24e-2b27dc31e7dc,ad773ce8-2abb-428a-b263-940803a23a50,3,Least name stock.,,,,
ROOM,2aead139-7548-4b23-9319-1840a1f5897b,398d8d17-7d9c-4850-8f00-207612330468,386.35,False,standard,True,,,
REVIEW,61702dd0-ce0a-4f1c-ae21-fa6cc43730e7,3df09898-50f8-4c4e-b3b2-c6612dce1c06,f17e7300-8f5c-49a2-bf3e-170fa38e9245,3,Notice street dinner discuss certain authority mention commercial.,,,,
ROOM,4533d57e-c475-4fe7-9a13-cf8c192a7220,a069f425-0e0b-4b22-8c5d-5d96d5cc57a2,419.54,True,standard,True,,,
REVIEW,8825ed7f-814f-4d6c-8d7d-38830a672022,fc7150a0-f0e9-4f0a-b5be-9c43626950a9,0121fdda-3011-42de-b983-5ae5e86925fd,8,However hand player morning.,,,,
ROOM,b01c9b6b-6da8-47ac-816a-e21c8a714d1e,8c5ab1e6-3c92-4ee0-94e3-073f45df3516,302.38,True,suite,2,,,
ROOM,232dbb11-4363-48b6-a09c-d25f2e3956e7,4eb22fc9-21f4-4455-9a2a-a6136d25b907,135.16,False,suite,2,,,
ROOM,3b0192b9-5c82-47e4-820a-03d7b6885ba1,eac17380-809e-4c34-a24e-2b27dc31e7dc,95.64,True,suite,1,,,
REVIEW,99a9928c-e75a-48cf-9a77-2d7b3c6f91e0,fc7150a0-f0e9-4f0a-b5be-9c43626950a9,95695487-5f2c-454f-a982-62b5dc9aedf9,9,Matter military cell energy drop case treatment.,,,,
REVIEW,755dac35-e20d-4ce4-bcd9-9b175bd674de,1317b493-7f71-4d2a-ba0c-a29776bd5c9f,7aaba350-9bf7-48d2-adc1-dcd4671664af,7,Today difference happen seven choose.,,,,
ROOM,b1894fb8-c2be-4ee0-9db5-1fa132963ec3,90cdd515-334c-484c-8f7a-d523cc9b55af,477.4,False,standard,False,,,
ROOM,0418962b-2ae2-4dc4-bb2c-bfaae8603d4c,ed9265dc-d6d6-4482-973c-eedd14ce3138,446.91,True,suite,2,,,
ROOM,2b936f93-9528-4fc0-b240-a2f94c2199f9,cdf6b1b2-6970-457a-835c-710ac91e241b,405.9,False,standard,False,,,
ROOM,e105bd46-6eaf-4178-bbdc-05ed3852234d,fc7150a0-f0e9-4f0a-b5be-9c43626950a9,358.29,True,standard,False,,,
REVIEW,3781c0a4-8ab7-45f7-bb59-51c838ed436f,1317b493-7f71-4d2a-ba0c-a29776bd5c9f,bd071a87-0e04-4828-a9cb-4079c7ba5900,1,Reflect room behavior race.,,,,
REVIEW,0a4e8cdd-06bb-4afb-8527-fb763005d329,cdf6b1b2-6970-457a-835c-710ac91e241b,8a84b13f-3a09-44fd-b074-08a0395e731e,1,Kind behind machine down what successful specific.,,,,
ROOM,cf58a3bc-8b52-4c4e-abbe-8ad55f898cd5,fbdbf762-3589-4b4d-abba-98180bdf5173,139.12,True,standard,True,,,
ROOM,0b6d8763-1de8-4013-b949-f2e0c3e4f293,90cdd515-334c-484c-8f7a-d523cc9b55af,289.29,False,standard,True,,,
ROOM,9ba623a1-126f-4688-85aa-15a370cf1ec6,088a0975-f95b-4eb9-b9bc-c563e6f0070e,430.44,False,standard,True,,,
REVIEW,89d47119-8974-4e6d-ad3e-eb3f3e9a84c5,28284a5f-79ab-4f6e-9a73-aa9202198d58,7ad079ee-b4ab-4949-ac83-cde506bd90d5,3,Idea fine true today we.,,,,
ROOM,f507bae1-c200-4d3a-880d-41232459180e,cc0bb177-53ed-45be-978d-8e3ab2aaa670,420.7,False,suite,2,,,
ROOM,6b75faa8-a8d8-4c7b-ab16-652145bed1fa,ceb792d3-abf3-48cd-86ca-7674933c8b0f,125.02,True,suite,4,,,
REVIEW,172a7895-420d-4f76-a8b2-1c21bc892170,03a7ed38-13b6-4aed-a97d-d15232552913,c8d51adc-e299-47c7-9d8a-81f090651328,9,Player because success generation.,,,,
REVIEW,a2aa576d-e6ce-47bd-ae8d-6cf16827bedc,90cdd515-334c-484c-8f7a-d523cc9b55af,ad773ce8-2abb-428a-b263-940803a23a50,8,Popular morning maintain by different.,,,,
REVIEW,c3f4d094-9c39-4094-9f27-1159bda875d8,de6faef7-263d-4946-ac26-02aa4ea7c0fb,0a524c6b-af9c-4e42-a605-a3dbfbaaa0d2,2,Simply believe performance fly thought magazine attorney.,,,,
ROOM,180094d2-d661-48df-8cee-530f5b65a803,28284a5f-79ab-4f6e-9a73-aa9202198d58,189.51,False,standard,False,,,
REVIEW,6541f35c-1b6c-46ed-a181-2dc5627811ee,7b7b65cb-c13b-4983-8e78-82eab80e3f46,aba42450-7969-40f0-b825-96b7c0541d5f,10,Firm military above item language beat measure tough.,,,,
ROOM,f29aef70-1884-445f-9d8c-7af0cbdf45aa,fa376297-2ead-488d-9f1d-9705cc6d5a4a,97.83,False,standard,False,,,
REVIEW,64611777-c4e3-4481-813b-a9433be7c79d,a67c1da3-2127-432c-93d4-7ecaf0c77867,6b6ef403-8ae4-4fb2-a692-16a129a8cf5c,4,Rest result compare.,,,,
ROOM,d50bf728-dd7a-43db-a93a-51ca6a2398c9,9be3615c-fe2b-4f97-a6fc-da1f9fe3190a,386.72,False,suite,3,,,
ROOM,15a4f180-a49b-438a-b887-3349fd6deef6,fc7150a0-f0e9-4f0a-b5be-9c43626950a9,182.81,False,suite,3,,,
REVIEW,a872a86e-734b-4290-97bc-8f03b6d7a694,4eb22fc9-21f4-4455-9a2a-a6136d25b907,7aaba350-9bf7-48d2-adc1-dcd4671664af,8,Magazine night whose interview think professional fish.,,,,
ROOM,3304b2d0-fd0d-4557-ae16-3d1b134cbc7f,a584003b-6f21-47d9-867b-53054ad77b73,442.39,False,standard,True,,,
ROOM,275b9a3f-432e-4eea-a0cd-f1093098c818,3def44bc-a5c2-4a66-bc44-ad293bebb493,476.26,False,suite,1,,,
ROOM,480152f3-1a1b-4ca3-8ad6-3ff8a1254cea,fc7150a0-f0e9-4f0a-b5be-9c43626950a9,451.87,False,suite,2,,,
ROOM,ffab3a32-8d56-4cb2-a106-ba5eab463fc3,ceb792d3-abf3-48cd-86ca-7674933c8b0f,498.63,False,standard,True,,,
REVIEW,4a4eda16-925f-44a6-b1ec-ced9498c04b0,eac17380-809e-4c34-a24e-2b27dc31e7dc,42ecb981-9c86-442a-852f-bc1a0482cfd0,2,West less board sing surface same fire physical.,,,,
REVIEW,7be0b805-8058-4d9e-86a3-57a35588a2e6,8c5ab1e6-3c92-4ee0-94e3-073f45df3516,8c76ea02-1062-4b92-a3c5-b9b23429ddf5,4,Music nothing process best.,,,,
ROOM,807e02c6-f302-48d7-baf4-b40b24d73730,ed9265dc-d6d6-4482-973c-eedd14ce3138,395.27,False,suite,4,,,
REVIEW,d96127c9-4c3c-4eb1-ba86-367fb895faad,3858882a-2425-4965-9368-49b99ed9c565,1cacb171-f87b-4b44-8340-976c4f2f5f9f,3,Sister since most drive huge.,,,,
ROOM,2f85c049-20a2-43cc-b9bc-63bdd9f6e3f7,28284a5f-79ab-4f6e-9a73-aa9202198d58,439.35,False,suite,4,,,
ROOM,04284e3f-6c86-4b05-9308-af36cb596793,3def44bc-a5c2-4a66-bc44-ad293bebb493,175.86,False,suite,1,,,
ROOM,5bb29415-2b08-4c14-b014-57522a5d0dc5,9be3615c-fe2b-4f97-a6fc-da1f9fe3190a,384.17,True,standard,False,,,
ROOM,42a20379-f821-436f-89e0-730876a12f69,088a0975-f95b-4eb9-b9bc-c563e6f0070e,372.24,True,suite,4,,,
REVIEW,c46dd4d5-0ebc-459d-b5a1-d7c1f5a43d0d,3df09898-50f8-4c4e-b3b2-c6612dce1c06,f17e7300-8f5c-49a2-bf3e-170fa38e9245,1,Bag law enjoy factor nature throw effort.,,,,
REVIEW,30295bfd-fc2d-4c66-a8b4-f3617d117009,0dc05a37-015b-48e4-8446-6300e437219a,d538b43a-18c5-4ef0-a3ff-fd359864509a,5,Magazine top argue.,,,,
REVIEW,d8bc4d6e-4196-4afd-966f-b3a013d31af9,0c2f342c-2df1-400d-bcb6-f0118784f28c,aa5b2315-8732-4ed0-a2a1-9119aac9b2ae,5,Compare full whom indicate defense as.,,,,
REVIEW,562ebebf-3ada-4378-969f-47f83709814c,fbdbf762-3589-4b4d-abba-98180bdf5173,0a524c6b-af9c-4e42-a605-a3dbfbaaa0d2,9,Expert she series news never.,,,,
REVIEW,1a1a134a-2832-4e11-af93-5d71d93aa767,1317b493-7f71-4d2a-ba0c-a29776bd5c9f,35a634f3-c1d7-4d4c-b2cf-a541b8287ff5,5,Thing source account laugh from.,,,,
ROOM,eeef5ec3-e83f-4d37-bad7-84c0af5a193d,c757254c-45fb-4a4b-8525-129251a6b81e,468.48,False,suite,3,,,
ROOM,69087ad8-2217-46c8-98af-a94a6f25e9ca,c8c27bf0-3034-48f8-996a-33cad02f00cf,463.06,False,suite,1,,,
REVIEW,769ba3b2-efa9-4b88-a5d6-5a078786d8ac,cc0bb177-53ed-45be-978d-8e3ab2aaa670,3d0ff85c-aaf2-4147-bdd3-dec230b97d0d,9,New whatever must within.,,,,
REVIEW,adf55283-d4e4-4158-9b5e-f09644f4fe8f,a069f425-0e0b-4b22-8c5d-5d96d5cc57a2,1d0c1f38-2d11-491a-90be-94ce06fb22d2,8,Later turn air short.,,,,
REVIEW,73a3bfa5-63e5-4315-9cd3-e1530554c32e,48a33ac0-de66-445b-bed5-f4cecf695d74,c0e896ac-7bf9-410b-b34d-9b1e8245fe05,5,Coach expert this something age language.,,,,
REVIEW,9d95d8f0-d3ea-412c-996e-9ef0ef994ef5,c757254c-45fb-4a4b-8525-129251a6b81e,8b0252ce-5942-43a5-b072-063a4f9e2aa0,8,Green piece late too.,,,,
ROOM,4f4cd760-dd61-44cd-86a1-8d22b3cf1f07,0dc05a37-015b-48e4-8446-6300e437219a,125.38,True,standard,False,,,
REVIEW,e1edc330-6085-4f75-905e-b8714c9f5d9d,0dc05a37-015b-48e4-8446-6300e437219a,1cacb171-f87b-4b44-8340-976c4f2f5f9f,5,Off fact heavy fear simple various.,,,,
ROOM,3eb30d3a-c23a-4de6-b749-8cf8995206a9,3858882a-2425-4965-9368-49b99ed9c565,179.7,False,standard,True,,,
ROOM,2bf30b82-bfa7-4cd6-9eb8-73139c1c11a4,0dc05a37-015b-48e4-8446-6300e437219a,340.45,False,suite,3,,,
ROOM,9452f183-93b1-45ae-b33f-c9785a2f6ff1,f19c4cbf-66b9-4336-8fb7-d96c9b06e3e7,340.9,False,standard,True,,,
REVIEW,235499e8-e0aa-46dd-985c-e8c13d164672,0a15a635-8a21-41be-9228-a5f7fc3daa92,7620f6a3-8b53-4f9d-923e-8db31f41d099,6,Argue all allow as church.,,,,
REVIEW,5b8c771b-072b-4b02-b2d7-62b580e87907,0dc05a37-015b-48e4-8446-6300e437219a,ff015a8d-189b-403e-9071-3661dd7fe22e,4,Down huge research one foot black unit.,,,,
ROOM,ba474c6a-0c1e-4de7-a31b-00157e2435c8,799bd44c-a13b-48b7-9a5f-a2b5ea4e800b,332.07,False,standard,True,,,
REVIEW,0c7aff6b-9ce3-4a36-ae02-c37340e3d14e,088a0975-f95b-4eb9-b9bc-c563e6f0070e,05327a3f-32c0-4f20-a9dc-d218b8c32a6c,5,South receive girl nearly outside window.,,,,
ROOM,3ddd3d2b-900f-413b-923a-9c9c2f683f1e,8c5ab1e6-3c92-4ee0-94e3-073f45df3516,85.41,False,standard,False,,,
REVIEW,66c10668-9696-4605-8a3b-3ca262eee567,a584003b-6f21-47d9-867b-53054ad77b73,ccb7cec8-b4ac-429d-8e7e-0a85902d2af9,7,Peace amount imagine side and actually social.,,,,
ROOM,9d78c75b-2240-4349-9aaf-cc3e818dbc01,4eb22fc9-21f4-4455-9a2a-a6136d25b907,342.14,False,suite,4,,,
ROOM,cc4460ba-ac98-43fb-a38e-d8b39350fa0b,1317b493-7f71-4d2a-ba0c-a29776bd5c9f,248.97,False,suite,2,,,
REVIEW,6f6e938d-f558-4f1e-a347-40e4cb665b33,04ec1800-bfc4-4d0c-adfc-e7e7a1d26437,eb5e9452-77d3-4185-bf1b-89b0c52c1e53,2,Loss music those Democrat fall yet.,,,,
ROOM,7fbbc7ef-a7cc-48b4-b550-c23c65a5d6de,de6faef7-263d-4946-ac26-02aa4ea7c0fb,307.89,False,standard,False,,,
ROOM,f9965bbe-4e30-4e8d-b800-11f74899587c,3df09898-50f8-4c4e-b3b2-c6612dce1c06,286.05,False,suite,2,,,
ROOM,84a8d4ce-81a5-4f5d-b875-81ece98dd2f6,ed9265dc-d6d6-4482-973c-eedd14ce3138,450.95,False,standard,False,,,
REVIEW,00bc5dad-228f-4596-850d-5a0de0735f4c,f90344ad-d486-44a8-a0ff-1fd39f8ef723,63d21aa5-3bee-4246-bc00-4d306f75f55b,1,Theory financial generation process boy assume.,,,,
ROOM,d1d47e55-28be-4b53-abda-ede00f2ba819,d41038f9-3a2b-47fb-98e6-4a5614a703c7,301.65,False,suite,4,,,
ROOM,15615047-dd1d-4f8c-9827-7180aacfba3a,398d8d17-7d9c-4850-8f00-207612330468,446.69,True,standard,False,,,
REVIEW,1a28d097-9065-4be8-afb4-e76fd4fd0669,d41038f9-3a2b-47fb-98e6-4a5614a703c7,b5b43c79-7803-49a9-b6bb-a147b60f173d,4,Religious method address truth.,,,,
ROOM,c0f069bf-9e62-4681-82f2-77f1bab8e9a1,f19c4cbf-66b9-4336-8fb7-d96c9b06e3e7,130.57,False,suite,2,,,
ROOM,3bcf11fd-4471-450c-b218-db598e48b1e4,be0c5419-26e0-47ed-b5a5-17f4db1245f2,410.28,False,standard,True,,,
ROOM,6bf8bd53-69cf-4c84-8496-f192af7ca069,cdf6b1b2-6970-457a-835c-710ac91e241b,134.44,False,suite,2,,,
REVIEW,01c61d05-6e14-4fb7-b2db-03901ae99dbf,fbdbf762-3589-4b4d-abba-98180bdf5173,a8f2fd5e-2d57-4785-b979-256a0e5315c0,9,Finally life season open them dinner skin.,,,,
REVIEW,a18fa7f5-d64a-4d3e-873b-5b319cf25e79,3858882a-2425-4965-9368-49b99ed9c565,90164c99-8c11-4612-904c-2d1f7f7e2091,2,Need that throughout summer.,,,,
REVIEW,642e8c25-6039-43c6-b583-7300bef4ee4e,90cdd515-334c-484c-8f7a-d523cc9b55af,d379a2bc-69fb-46fc-9766-5d985a7502f9,1,Large school for player choose.,,,,
ROOM,b32fc486-84dd-41ae-862c-a855276ef393,9be3615c-fe2b-4f97-a6fc-da1f9fe3190a,387.32,True,standard,True,,,
REVIEW,a974a523-aaf3-47be-8262-4eaadb13e167,1317b493-7f71-4d2a-ba0c-a29776bd5c9f,acb1b3b7-e025-48b0-a3ec-c5a33e3f8921,9,Reach first where move.,,,,
REVIEW,21ef39fa-5849-47de-ae28-57094ac9e0d0,398d8d17-7d9c-4850-8f00-207612330468,e489e0fe-bf61-40e9-afcf-91fdc29648c5,6,Product entire woman challenge TV age management.,,,,
REVIEW,49c9154b-d609-4847-9889-125ce718276f,5795356f-15c6-4441-894e-ffc0ca8c171e,86955de8-2cb8-4124-bb56-a7fb87ef788c,6,Hospital religious stuff speak eight.,,,,
ROOM,11b6e835-4886-4b54-aad3-c3519676d33b,a67c1da3-2127-432c-93d4-7ecaf0c77867,74.12,False,standard,False,,,
REVIEW,b7689f76-28a1-4d05-85b2-9d55413dc0ae,ed9265dc-d6d6-4482-973c-eedd14ce3138,43c74092-adf6-46a9-b0b0-66d502e36de2,6,Cost alone suffer room security sure.,,,,
REVIEW,71d3dafc-4693-4e9f-b00b-20c6afdbb51d,c8c27bf0-3034-48f8-996a-33cad02f00cf,ca3598ce-cebf-465d-9a80-1eb2a3377f64,3,Occur image throw fish clearly.,,,,
REVIEW,807fd673-d74d-4863-84c9-df7a8f388900,c99daea5-ad6e-47d7-94b3-55bdcfcf6acb,ff015a8d-189b-403e-9071-3661dd7fe22e,4,Reason base history view future couple.,,,,
ROOM,8a5c7e19-39f3-4c5e-aa49-2e446c74a137,de6faef7-263d-4946-ac26-02aa4ea7c0fb,436.02,True,suite,2,,,
ROOM,0aed2b82-9aef-42b7-b7a0-974121342b8c,799bd44c-a13b-48b7-9a5f-a2b5ea4e800b,442.49,True,standard,False,,,
REVIEW,8f0bff18-a86c-4124-81d5-421c2be6f7e5,c757254c-45fb-4a4b-8525-129251a6b81e,f876dc0a-63b8-4bf7-a6d0-64d40b95518d,9,Provide civil forget church effect consumer.,,,,
REVIEW,a7df5fcc-bc15-40fb-950d-7bc8a14199a8,0dc05a37-015b-48e4-8446-6300e437219a,b3dd5190-0d1e-4c1e-a5b5-d7268d21f3a9,5,Represent whatever information building state.,,,,
ROOM,0a52c239-de0e-41a0-bd42-54bf2c4f4bcd,cdf6b1b2-6970-457a-835c-710ac91e241b,228.71,False,suite,2,,,
ROOM,4189310a-9e80-43fd-a8ad-7420692f51a4,b9e0b93e-e706-4e10-a187-5ba2bf7b3b98,100.54,True,standard,False,,,
ROOM,e5860c08-e54f-4b36-bb15-43068216e92f,088a0975-f95b-4eb9-b9bc-c563e6f0070e,103.73,False,standard,False,,,
REVIEW,afc331a3-5d3f-4caf-bff5-c50892eb08ab,9f3c2823-387f-43ef-8a43-7528e99d664b,663f83fc-8ceb-4986-bea2-5f7a584efc83,6,Building audience great happy push shoulder.,,,,
REVIEW,8b900e02-704f-493b-9dee-a1129642f9ef,cc0bb177-53ed-45be-978d-8e3ab2aaa670,bebf70cc-2fb4-4930-ab2a-aa47e99264df,1,Key employee serve style.,,,,
REVIEW,81ba13ea-7c1f-4c1b-82fc-ad9d1f686f01,87b3b4dd-b496-413f-ac89-4922505a613c,9fdab59b-5386-49ad-afbd-ee8a0dd1899d,9,Bring never tough create feeling beat.,,,,
ROOM,44a78cbb-ab0e-49da-88e7-421b2db9006e,3def44bc-a5c2-4a66-bc44-ad293bebb493,406.75,False,suite,4,,,
ROOM,68afd2ce-b226-437f-9124-18221b3a0b8a,28284a5f-79ab-4f6e-9a73-aa9202198d58,453.99,False,suite,1,,,
REVIEW,73ebc6be-80a9-48fc-8df3-adf459694dde,ceb792d3-abf3-48cd-86ca-7674933c8b0f,c548d981-9680-425e-9697-d07676c21d85,5,Matter million yet hold sell.,,,,
REVIEW,a87e081c-238c-4c26-84fc-f3c2c1dd873e,87b3b4dd-b496-413f-ac89-4922505a613c,01146f8b-d797-4ac8-b6fa-8369cc22debc,2,Democrat training yard rule continue computer.,,,,
ROOM,facbd35e-c4c4-4464-94d9-26cfcd33d455,9f3c2823-387f-43ef-8a43-7528e99d664b,499.39,True,suite,4,,,
REVIEW,f7273a03-4f49-42b8-b074-45ce9c68f609,d41038f9-3a2b-47fb-98e6-4a5614a703c7,ae455a6f-ba88-48ed-8002-b1aa0f804fa7,2,Likely color citizen day.,,,,
ROOM,97f91302-e937-4639-b2c8-f8e557c4951d,b9e0b93e-e706-4e10-a187-5ba2bf7b3b98,361.2,True,suite,1,,,
REVIEW,f7828d3d-1379-4044-bf1b-fb2534e76752,c757254c-45fb-4a4b-8525-129251a6b81e,d545dd3e-cf84-4281-a6c5-96a8dd6d2b62,1,Free business Democrat health store fact.,,,,
ROOM,2624871b-6f9a-4826-bb66-13363a2262f0,1317b493-7f71-4d2a-ba0c-a29776bd5c9f,253.32,False,suite,3,,,
REVIEW,06f0fc91-2db4-479e-bdec-dcdf796ddabf,f274c9cf-cd14-4dc4-a557-d9c3d43c17fd,9a9beb1c-1ead-4396-acce-097cabc9915f,7,Over often total today any strong follow.,,,,
REVIEW,66312935-3766-4b6e-b5bb-b7f55d8238f6,a584003b-6f21-47d9-867b-53054ad77b73,c6566c82-1002-4d9c-a2f4-dade7d27ee47,4,Name participant wide see.,,,,
ROOM,a5bb5d2d-dfb7-44af-bcb6-80df3b649eaa,4eb22fc9-21f4-4455-9a2a-a6136d25b907,326.39,True,standard,True,,,
REVIEW,9d31f39e-ff5d-46dd-a9d5-e0e28125a48c,a67c1da3-2127-432c-93d4-7ecaf0c77867,fda51abb-064c-4086-98a9-66de2615c0fc,4,Tv it here later benefit.,,,,
REVIEW,9364cd92-b9bf-4d8e-a1ab-dfebf7c0b460,f19c4cbf-66b9-4336-8fb7-d96c9b06e3e7,c0e896ac-7bf9-410b-b34d-9b1e8245fe05,3,Avoid according scientist person to.,,,,
REVIEW,88f72557-9900-474b-a29a-16d745206a28,20480029-ffb2-4f1f-bc95-025b55325af8,f11ab2fe-4b19-4503-9def-95fa8ace16a4,5,Against popular build sit.,,,,
ROOM,439b11c2-2430-4478-aaed-eabe1d2a6fd2,c99daea5-ad6e-47d7-94b3-55bdcfcf6acb,466.6,False,suite,3,,,
REVIEW,4c96ce70-74d2-4277-9c19-a013be799e54,eac17380-809e-4c34-a24e-2b27dc31e7dc,af4ec2b4-afad-4c37-b7e0-2b62aa9d81a0,1,Suddenly result surface.,,,,
REVIEW,81ca9db2-3dc2-45ff-b074-b6441906dfdb,41a54b76-a74f-4ff1-b112-b32557c91c84,ed2b1c2a-46b0-4401-98d8-c479da4946c3,7,Your body month successful TV.,,,,
REVIEW,7f602615-c2a8-401e-87d2-b9671aad5ba1,04ec1800-bfc4-4d0c-adfc-e7e7a1d26437,ed2b1c2a-46b0-4401-98d8-c479da4946c3,5,Defense bank level trip good full.,,,,
ROOM,bf62c5da-8d67-4586-a52c-35a7652d1b7b,1317b493-7f71-4d2a-ba0c-a29776bd5c9f,159.67,True,suite,3,,,
REVIEW,025ea6f5-a3ff-410c-ac23-9e969fb0ed7b,38e7c13e-c468-40d7-9df2-98a17226d59f,8e88d9b1-aecc-4a09-8cf6-43d22a535c0e,10,Professor question black month his.,,,,
REVIEW,40e451ac-df4d-4b0f-a087-56afef67320a,be0c5419-26e0-47ed-b5a5-17f4db1245f2,d379a2bc-69fb-46fc-9766-5d985a7502f9,4,A various rich too.,,,,
REVIEW,1babdec2-7727-4bad-abde-090915345de8,9be3615c-fe2b-4f97-a6fc-da1f9fe3190a,122573d8-74b7-4dd1-a314-50b0387be61a,4,Discuss team condition machine shoulder leader.,,,,
REVIEW,f10d8dbe-88d5-4ae3-8b1a-5937633ec85a,48a33ac0-de66-445b-bed5-f4cecf695d74,3d467a27-1d9e-46c9-bda3-93048d187985,4,Better consumer know buy speak authority consumer.,,,,
ROOM,b52a7aea-77cf-4bc7-8120-a9efd761d90b,04ec1800-bfc4-4d0c-adfc-e7e7a1d26437,350.13,True,suite,2,,,
ROOM,d85202e2-2e0f-4414-81e0-0f07be208956,ceb792d3-abf3-48cd-86ca-7674933c8b0f,102.36,True,suite,3,,,
ROOM,4070758a-3b19-45e6-9264-5e1119401b5e,ceb792d3-abf3-48cd-86ca-7674933c8b0f,150.42,False,suite,1,,,
ROOM,f2d6f957-d615-4efd-8da1-0546da410f69,398d8d17-7d9c-4850-8f00-207612330468,154.55,False,standard,True,,,
ROOM,a1cd416f-95bd-45e5-a029-caa754e37ad7,de6faef7-263d-4946-ac26-02aa4ea7c0fb,311.63,True,suite,1,,,
ROOM,698d4b75-6145-456c-86f6-f18d0068dc86,41a54b76-a74f-4ff1-b112-b32557c91c84,377.69,False,standard,False,,,
ROOM,42a01650-fdae-4908-b97e-b34c3ee17e63,663ae212-c201-43ad-b8a1-ab9101af83b7,454.75,True,suite,1,,,
ROOM,377c298b-6b02-4b0a-ab50-a2b773a2fbaf,3df09898-50f8-4c4e-b3b2-c6612dce1c06,168.07,True,suite,4,,,
REVIEW,01534dcb-a10e-45d4-8e4c-f96521bbb785,5795356f-15c6-4441-894e-ffc0ca8c171e,d14e4286-89d3-42f4-a936-7511878924ed,6,Never network sell past cost return spring.,,,,
REVIEW,5145a263-15b5-46b6-b946-5fb3d36264b5,b9e0b93e-e706-4e10-a187-5ba2bf7b3b98,f17e7300-8f5c-49a2-bf3e-170fa38e9245,7,Medical bed decision us couple certainly must.,,,,
ROOM,e7b44682-ba92-45f2-bfe8-0e24b5a03507,cdf6b1b2-6970-457a-835c-710ac91e241b,231.64,False,suite,1,,,
ROOM,96a2e2c5-2d92-46c1-bb6c-bb6f0a1870b0,088a0975-f95b-4eb9-b9bc-c563e6f0070e,497.2,False,standard,False,,,
REVIEW,f53ea560-efe1-4c8e-92ec-b4a07ad396ec,663ae212-c201-43ad-b8a1-ab9101af83b7,7e03807e-ab27-4ce6-bd6d-3882bf7c1ea6,9,Prove include outside sister probably.,,,,
ROOM,1ae93b91-c5fc-4a00-aa57-d17cdd93c35e,a069f425-0e0b-4b22-8c5d-5d96d5cc57a2,265.88,False,suite,1,,,
ROOM,cf4e0620-2aac-4e44-a732-f1cf6853e63d,28284a5f-79ab-4f6e-9a73-aa9202198d58,225.61,True,standard,True,,,
REVIEW,c9610b7a-b1fd-4239-a231-56806c450d7c,03a7ed38-13b6-4aed-a97d-d15232552913,ed5344ec-5169-4cfb-8d1a-80fdb359b55c,1,Drop traditional car nor nor ask low.,,,,
REVIEW,871a282a-e8b5-4217-93bb-78ae1dea0728,3def44bc-a5c2-4a66-bc44-ad293bebb493,c548d981-9680-425e-9697-d07676c21d85,7,Force writer environmental anyone others.,,,,
REVIEW,9e3245f4-64bb-402e-8538-69411f2f4a5b,20480029-ffb2-4f1f-bc95-025b55325af8,61f9d344-d82d-46f9-86e9-7db2c32f8ebb,6,Rich yes federal.,,,,
REVIEW,1bdd0d70-a1ed-405d-9f16-504fd2b77be0,04ec1800-bfc4-4d0c-adfc-e7e7a1d26437,52d4b355-3093-441a-b40e-cb8c71956dca,4,East hit time fast should.,,,,
ROOM,9bb4f0b6-2b29-44ad-8afa-c03555c6c5ea,7b7b65cb-c13b-4983-8e78-82eab80e3f46,125.35,True,suite,1,,,
REVIEW,722c2c0e-d4b3-411a-aa2c-3cfb4d7fd8c8,c8c27bf0-3034-48f8-996a-33cad02f00cf,eb5e9452-77d3-4185-bf1b-89b0c52c1e53,9,Without down trade after.,,,,
REVIEW,8f8181a7-3787-4bd4-a0b6-22512f73bbc9,fc7150a0-f0e9-4f0a-b5be-9c43626950a9,90164c99-8c11-4612-904c-2d1f7f7e2091,1,Heart theory another military probably cold.,,,,
REVIEW,d21d340e-74ee-470f-b74d-627d1e37c525,87b3b4dd-b496-413f-ac89-4922505a613c,aa5b2315-8732-4ed0-a2a1-9119aac9b2ae,10,Each keep happy personal according guess these.,,,,
ROOM,ac474410-09e7-4610-a77b-7fb5e6dfd740,a584003b-6f21-47d9-867b-53054ad77b73,351.6,False,suite,3,,,
ROOM,032a293a-40b2-41bd-bc4e-6ea8a5604676,cdf6b1b2-6970-457a-835c-710ac91e241b,420.85,False,suite,1,,,
ROOM,5b454ec5-c453-49e4-a0c1-e0a106a6d689,ed9265dc-d6d6-4482-973c-eedd14ce3138,228.86,False,suite,1,,,
REVIEW,094c0df1-2795-4666-93d5-bcaa0e1289f7,c8c27bf0-3034-48f8-996a-33cad02f00cf,0be3a4a7-cd9c-44cb-8bbb-bbba1c0eeee2,10,Much water thought seat traditional perhaps.,,,,
REVIEW,83f1b630-b245-4b53-ac9d-9371a8d0af7b,f1b5faae-1eb2-4718-ae51-f33376cdbc66,d4f4d3c9-6c21-42f3-a531-cdf8cb1853a1,2,Traditional safe chance rest.,,,,
REVIEW,7cd6c96d-5957-45e1-899c-b137f79c91f6,cc0bb177-53ed-45be-978d-8e3ab2aaa670,bd071a87-0e04-4828-a9cb-4079c7ba5900,10,From current seven soon remember none.,,,,
ROOM,fecb8f19-9c77-4a4f-accd-665b23980d10,ed9265dc-d6d6-4482-973c-eedd14ce3138,480.85,False,suite,2,,,
REVIEW,050efdff-039b-4abe-8e2b-e8ab1776144a,de6faef7-263d-4946-ac26-02aa4ea7c0fb,af2e5117-2be4-4479-af44-c00442f3bb74,4,Four somebody hospital occur.,,,,
ROOM,25deef46-da4c-4929-9cd9-d22ee1a5fdca,b97332a9-ebe0-4f07-b9dc-08f2a8e8c8e0,321.47,True,standard,False,,,
ROOM,68c105ac-c579-4b11-b274-47d9b880fa33,3df09898-50f8-4c4e-b3b2-c6612dce1c06,89.74,False,standard,True,,,
ROOM,004a4f22-8059-4f45-a3c1-4789ffd2d76e,a069f425-0e0b-4b22-8c5d-5d96d5cc57a2,80.68,False,standard,False,,,
REVIEW,97ddbdaf-51a6-4fdf-a2af-32bfe20842cc,03a7ed38-13b6-4aed-a97d-d15232552913,062de416-8070-41c4-b170-d8563afd59b0,1,Detail nature list and.,,,,
REVIEW,033b6182-c138-425b-bc38-5fff4cdcad3c,7b7b65cb-c13b-4983-8e78-82eab80e3f46,412bb515-05f0-43bc-84ea-a972528f143a,1,Term magazine while such total.,,,,
REVIEW,a413a6ed-8182-4045-a3b8-c7d192d23963,b97332a9-ebe0-4f07-b9dc-08f2a8e8c8e0,36be592c-29f8-4c4d-923b-8081a08c2c79,7,Word truth around skin magazine.,,,,
ROOM,4c6dcc01-37cb-47a8-8e99-97255e3bbf55,03a7ed38-13b6-4aed-a97d-d15232552913,283.99,True,suite,3,,,
ROOM,4839d980-2f11-4d5c-abeb-cdb5f25634e3,d41038f9-3a2b-47fb-98e6-4a5614a703c7,105.87,False,suite,4,,,
REVIEW,9eaec4aa-3578-42e3-a531-d981bd82d9f8,38e7c13e-c468-40d7-9df2-98a17226d59f,ad773ce8-2abb-428a-b263-940803a23a50,1,Nice forward environment although would yeah.,,,,
ROOM,682b9171-6c48-405f-bf78-c12128401148,3df09898-50f8-4c4e-b3b2-c6612dce1c06,109.25,True,standard,False,,,
REVIEW,9534fa73-5ba8-4a33-89d9-aad6353d0817,20480029-ffb2-4f1f-bc95-025b55325af8,ccb7cec8-b4ac-429d-8e7e-0a85902d2af9,10,Across them institution little child election.,,,,
REVIEW,37712aa1-f7b8-45c3-acde-344bcb2e6a54,5795356f-15c6-4441-894e-ffc0ca8c171e,95695487-5f2c-454f-a982-62b5dc9aedf9,7,Brother ok want former body purpose.,,,,
ROOM,1cba587e-9e94-4940-9081-a4f57ae9864a,c8c27bf0-3034-48f8-996a-33cad02f00cf,328.32,False,standard,True,,,
ROOM,f6407073-8beb-4dae-a870-7406e050f63d,3def44bc-a5c2-4a66-bc44-ad293bebb493,62.39,True,suite,4,,,
REVIEW,dfc670a6-e271-43dd-92f8-8fa2baf14247,c99daea5-ad6e-47d7-94b3-55bdcfcf6acb,58746fde-db02-4879-ba81-1c0099bd1344,1,Least very reality become.,,,,
REVIEW,262fafd9-3aad-4700-9f31-7fda422e730b,0a15a635-8a21-41be-9228-a5f7fc3daa92,43c74092-adf6-46a9-b0b0-66d502e36de2,2,Soldier new human indicate impact.,,,,
REVIEW,891504cb-525b-4495-85ba-d182f952ff2f,3df09898-50f8-4c4e-b3b2-c6612dce1c06,aba42450-7969-40f0-b825-96b7c0541d5f,2,Loss capital project war west knowledge.,,,,
ROOM,7b15d16f-f975-466d-b8fd-a28761302622,fc7150a0-f0e9-4f0a-b5be-9c43626950a9,150.99,True,suite,4,,,
REVIEW,a0a1af54-4f68-4c67-a050-65570f95c606,b97332a9-ebe0-4f07-b9dc-08f2a8e8c8e0,d545dd3e-cf84-4281-a6c5-96a8dd6d2b62,7,Various city fear serious.,,,,
REVIEW,1d9d2121-e05c-47ab-ab9a-204c77836e9a,87b3b4dd-b496-413f-ac89-4922505a613c,6ab7e15c-2bc2-4180-a70b-b0cf6d4a751a,10,Remember coach area player listen prevent avoid.,,,,
REVIEW,01040b20-1768-4757-a380-bdab9af1ed19,f19c4cbf-66b9-4336-8fb7-d96c9b06e3e7,c839a7e0-4ba2-4091-9c4a-fbe138138ca7,7,Project red tree information radio system natural party.,,,,
ROOM,e4b886b4-a1a0-4c32-ab42-266836fb3d99,0dc05a37-015b-48e4-8446-6300e437219a,122.42,False,standard,True,,,
ROOM,e8672083-27a0-41ba-b6aa-ee59adeb85a5,0dc05a37-015b-48e4-8446-6300e437219a,62.2,True,suite,2,,,
REVIEW,e03d93f3-b847-4278-976a-437afa6b8b65,1317b493-7f71-4d2a-ba0c-a29776bd5c9f,90164c99-8c11-4612-904c-2d1f7f7e2091,4,Just bill official senior past.,,,,
ROOM,b3524a0d-0a37-437c-96cd-4f97572675d1,0a15a635-8a21-41be-9228-a5f7fc3daa92,415.33,True,suite,1,,,
REVIEW,6958da30-e184-42c6-b168-4a7d01e8906b,8c5ab1e6-3c92-4ee0-94e3-073f45df3516,4f26029f-055c-4f7b-9b70-ba18d43a9b22,7,Perhaps near east beat group ground free civil.,,,,
REVIEW,807d2c4c-68d2-4597-9d95-ea62202afbb5,f274c9cf-cd14-4dc4-a557-d9c3d43c17fd,c8f8ac36-925d-4bc3-b357-72e7680cf8d3,4,Weight never understand hotel win life part.,,,,
ROOM,818a75d2-2509-462c-b914-b0abf7c36b65,f1b5faae-1eb2-4718-ae51-f33376cdbc66,367.52,True,standard,True,,,
REVIEW,4c850442-8ba4-4918-a938-0cf3af0aba70,7b7b65cb-c13b-4983-8e78-82eab80e3f46,af2e5117-2be4-4479-af44-c00442f3bb74,4,Receive red pull however need occur.,,,,
ROOM,6b614ee8-d683-44a0-8d86-148cfed069e1,0dc05a37-015b-48e4-8446-6300e437219a,93.31,True,standard,True,,,
REVIEW,4401ed44-fa88-4725-bcc3-31dec6a40935,3858882a-2425-4965-9368-49b99ed9c565,c8d51adc-e299-47c7-9d8a-81f090651328,2,Similar big with west help recent expect cup.,,,,
ROOM,44cae068-c853-4ffa-943c-014bdfaa0ef1,04ec1800-bfc4-4d0c-adfc-e7e7a1d26437,249.77,False,standard,True,,,
REVIEW,5469f95f-b71c-4941-9597-fccb6002fc8d,1317b493-7f71-4d2a-ba0c-a29776bd5c9f,062de416-8070-41c4-b170-d8563afd59b0,10,Large soon condition officer piece ago.,,,,
ROOM,b409bfee-a68c-455e-a631-15ab0c7d7404,53f1dfb3-d26d-4d3a-9546-0184d6dbc79d,170.8,True,standard,True,,,
REVIEW,e48d6cf6-0fb2-4ed0-ba52-ccd21fcaf951,ceb792d3-abf3-48cd-86ca-7674933c8b0f,3d467a27-1d9e-46c9-bda3-93048d187985,1,Career other hand age day.,,,,
ROOM,e4b97d2c-3f49-4625-83be-0aade94a3d01,fbdbf762-3589-4b4d-abba-98180bdf5173,263.23,True,suite,4,,,
REVIEW,d820c6ef-e2a0-4e9f-bf39-d9499468dd49,20480029-ffb2-4f1f-bc95-025b55325af8,4c9ede92-f893-41a7-8641-f423633fb8a7,4,Behavior officer strong affect.,,,,
ROOM,f001c9a3-16f1-4134-9fa8-cb9de224fed3,7b7b65cb-c13b-4983-8e78-82eab80e3f46,401.9,True,standard,True,,,
ROOM,a4de154c-c07a-427f-aab9-eaccbe5b6845,04ec1800-bfc4-4d0c-adfc-e7e7a1d26437,160.43,True,suite,4,,,
ROOM,07ec429d-1f4d-4062-84b8-6599b0d1e482,7b7b65cb-c13b-4983-8e78-82eab80e3f46,88.84,True,standard,True,,,
REVIEW,ac1398fb-95f1-43a3-b0e9-3b45186ad8a2,0dc05a37-015b-48e4-8446-6300e437219a,03317407-d137-4215-90fe-4b88c1193b19,5,Nothing recognize goal watch.,,,,
REVIEW,61c6fb32-db5c-48fa-8146-8ce86b1dab46,90cdd515-334c-484c-8f7a-d523cc9b55af,31515845-fb8c-4403-ac41-a6c97de6a840,2,Suggest teacher bill among.,,,,
ROOM,09dea7f7-9c53-40bd-9fe1-d61f8067b789,fc7150a0-f0e9-4f0a-b5be-9c43626950a9,146.95,True,suite,2,,,
ROOM,1f9289ba-1d4e-44a6-b7ac-1ed21261f2ab,4eb22fc9-21f4-4455-9a2a-a6136d25b907,477.15,True,standard,True,,,
ROOM,fa7c73af-d649-4870-ac42-b5d397882d81,cdf6b1b2-6970-457a-835c-710ac91e241b,372.77,False,suite,1,,,
ROOM,6b8d3521-0fba-423a-b56c-19a0b5dd97f5,1317b493-7f71-4d2a-ba0c-a29776bd5c9f,178.07,False,suite,3,,,
ROOM,0e42d248-cc9b-46d7-80e0-2e4fffcc8ba8,9be3615c-fe2b-4f97-a6fc-da1f9fe3190a,217.12,True,standard,False,,,
REVIEW,3bd51fdc-c98a-4054-b422-7c02c3e93cab,a069f425-0e0b-4b22-8c5d-5d96d5cc57a2,1068d087-f641-482b-bd30-57f55fd79fe9,9,Realize report garden accept loss.,,,,
ROOM,3b014336-b359-48ff-be2d-ae1016f9c97e,41a54b76-a74f-4ff1-b112-b32557c91c84,350.86,True,standard,False,,,
REVIEW,6dd788d3-13f7-4630-a97f-329fac9f7665,fc7150a0-f0e9-4f0a-b5be-9c43626950a9,65a49fff-d471-4147-a35a-3f7f78c2cd89,10,Blue up perhaps performance song close dream.,,,,
REVIEW,53e9ea2b-a47a-417a-be91-431ff78ab93c,b97332a9-ebe0-4f07-b9dc-08f2a8e8c8e0,acb1b3b7-e025-48b0-a3ec-c5a33e3f8921,8,Because most police beat according back surface whatever.,,,,
ROOM,0a00c0f2-bf72-40bc-8068-de009b403cc7,c99daea5-ad6e-47d7-94b3-55bdcfcf6acb,451.06,False,suite,2,,,
ROOM,3fd0a4a6-c0f8-49e9-9bda-d058a2fc3ff7,38e7c13e-c468-40d7-9df2-98a17226d59f,214.7,True,suite,4,,,
REVIEW,234f5152-d3e3-408a-87ea-27ce1330fa31,eac17380-809e-4c34-a24e-2b27dc31e7dc,b28da413-a0a9-4f23-9608-601943e5e00c,5,Forget white she question pressure summer charge.,,,,
ROOM,dfce61f4-8ac8-4a36-b570-b1b3b0659add,0dc05a37-015b-48e4-8446-6300e437219a,214.77,True,standard,True,,,
REVIEW,c3c020aa-d67e-4bc3-9230-a26167c4faf5,f274c9cf-cd14-4dc4-a557-d9c3d43c17fd,c3eb4fc7-7d83-484d-81a0-1e95d89e3eb0,2,Finish put senior cold.,,,,
REVIEW,f19c125a-41e1-4637-ab7b-368f178e4b58,c8c27bf0-3034-48f8-996a-33cad02f00cf,8b0252ce-5942-43a5-b072-063a4f9e2aa0,7,They produce peace already class service.,,,,
REVIEW,5224b65d-3692-432c-8e76-6ef87c5d977e,f274c9cf-cd14-4dc4-a557-d9c3d43c17fd,c8f8ac36-925d-4bc3-b357-72e7680cf8d3,7,Interview reason break exactly recognize.,,,,
REVIEW,5d22ae34-b274-4e15-bf0d-63fb1837c391,9be3615c-fe2b-4f97-a6fc-da1f9fe3190a,65a49fff-d471-4147-a35a-3f7f78c2cd89,10,Into note clearly approach.,,,,
REVIEW,66b49072-3f21-400e-9966-922c3d3bfdb4,ed9265dc-d6d6-4482-973c-eedd14ce3138,c6566c82-1002-4d9c-a2f4-dade7d27ee47,2,Sense few get leader charge dark.,,,,
REVIEW,10d9a159-34b9-4fa3-b112-a40972ccc084,38e7c13e-c468-40d7-9df2-98a17226d59f,44de43d3-fc4a-4795-8c59-3b3a9385b09c,10,Before measure wide trade.,,,,
ROOM,fbb760f2-075e-4943-bc7d-955003fe4da4,c99daea5-ad6e-47d7-94b3-55bdcfcf6acb,284.71,True,standard,True,,,
ROOM,febf9149-0cf0-49b6-97ce-1b919813ee14,90cdd515-334c-484c-8f7a-d523cc9b55af,392.84,False,suite,1,,,
REVIEW,c9aa93b9-e3b7-449a-bbe9-75cb115ba49f,d41038f9-3a2b-47fb-98e6-4a5614a703c7,32d27c55-9da6-44b8-9cfe-50fcfa3e760f,8,Role effort hit campaign for.,,,,
REVIEW,01883eee-8fcf-4d9f-9e7c-22ae400a5343,5795356f-15c6-4441-894e-ffc0ca8c171e,66982bdf-2e03-4036-a43a-1807cc9f9873,8,Begin measure send help source.,,,,
ROOM,a0477f8a-5ee4-4743-b57a-c5c1d11d4481,28284a5f-79ab-4f6e-9a73-aa9202198d58,478.47,False,standard,False,,,
ROOM,fffc4d2a-e65c-4d5a-854b-80df6282188c,8c5ab1e6-3c92-4ee0-94e3-073f45df3516,386.48,False,standard,True,,,
REVIEW,cc7991b4-87e1-4daa-b99f-002b18419ebb,0dc05a37-015b-48e4-8446-6300e437219a,4d457a09-0a8d-43cf-bb0e-73cf1084b6c2,2,Protect speech heavy step million force.,,,,
ROOM,b1f6d63f-31e1-42b2-ab64-62aa386dd27b,87b3b4dd-b496-413f-ac89-4922505a613c,360.42,True,standard,True,,,
REVIEW,c82e5ef5-f225-4d6d-9def-49584476cc6a,663ae212-c201-43ad-b8a1-ab9101af83b7,89e23cdd-c10a-42f3-a3f8-28933a508bc7,8,A though party vote.,,,,
ROOM,ade14133-2dc5-4dc1-ac2f-83536a7797c6,04ec1800-bfc4-4d0c-adfc-e7e7a1d26437,360.06,False,standard,False,,,
ROOM,78fb3b6f-c490-44fd-80dc-496ad6e9b6d6,398d8d17-7d9c-4850-8f00-207612330468,156.46,False,suite,3,,,
REVIEW,95751902-f869-4761-8687-6204ef81adc4,8c5ab1e6-3c92-4ee0-94e3-073f45df3516,4f26029f-055c-4f7b-9b70-ba18d43a9b22,6,Whose goal fire take voice such.,,,,
REVIEW,77539fb0-1bcc-4906-83da-12fe5be05365,4eb22fc9-21f4-4455-9a2a-a6136d25b907,4c525d49-e2fe-4cb8-bdb6-e2f7b7519acd,9,Strong hour test though stock million someone.,,,,
ROOM,25ec69c2-6fd7-47eb-8d3a-d82af298fb76,f90344ad-d486-44a8-a0ff-1fd39f8ef723,52.07,True,standard,False,,,
REVIEW,5d46ad40-b5be-4bf0-a4d2-d2c9d4bad38f,a67c1da3-2127-432c-93d4-7ecaf0c77867,8c76ea02-1062-4b92-a3c5-b9b23429ddf5,7,Person increase school do.,,,,
REVIEW,5bfcc333-ca57-49ec-b56d-340a3770abc7,b97332a9-ebe0-4f07-b9dc-08f2a8e8c8e0,85d299f7-7c42-4d77-b67b-507cc393bcb5,7,Group throw carry natural.,,,,
REVIEW,285014a2-31dd-43cc-8fe5-f858a7d04317,5795356f-15c6-4441-894e-ffc0ca8c171e,c6566c82-1002-4d9c-a2f4-dade7d27ee47,5,Community ever girl less machine.,,,,
REVIEW,a2f37ebd-049d-4142-924f-a63ec6677e6d,d41038f9-3a2b-47fb-98e6-4a5614a703c7,a8f2fd5e-2d57-4785-b979-256a0e5315c0,8,No quality your.,,,,
REVIEW,2bc00679-a35d-40d1-a612-7efa22edd0e6,398d8d17-7d9c-4850-8f00-207612330468,8147456a-b7c6-43f8-a30e-34e7257d6ad6,8,Hear financial value actually car ground.,,,,
REVIEW,47fd2b99-7b01-46a7-8cd4-c0c39cb10feb,04ec1800-bfc4-4d0c-adfc-e7e7a1d26437,f14f98fe-8120-4adf-bdac-ea1b296d3b41,8,Energy us free soon main order every.,,,,
ROOM,fbed3501-7229-443f-879b-5335712e1488,3df09898-50f8-4c4e-b3b2-c6612dce1c06,65.81,False,standard,True,,,
REVIEW,5ad46a32-b22e-4f73-be92-02286e8cef65,0a15a635-8a21-41be-9228-a5f7fc3daa92,fb1279b9-a288-4bc4-a87c-796846ddb4c9,7,Travel agency poor newspaper.,,,,
REVIEW,f7c2b446-5bca-4432-b8d2-3efaeca27a4d,c99daea5-ad6e-47d7-94b3-55bdcfcf6acb,562cfbff-3c4d-4b68-b825-39bfc2461c02,1,Box down with space able election third.,,,,
REVIEW,6b459b7c-03df-42d3-b7ba-d723f168cb78,fa376297-2ead-488d-9f1d-9705cc6d5a4a,f876dc0a-63b8-4bf7-a6d0-64d40b95518d,9,Night finally resource product.,,,,
ROOM,92240aa6-fe05-4c76-8f3c-446834e19a79,a069f425-0e0b-4b22-8c5d-5d96d5cc57a2,245.77,True,standard,True,,,
REVIEW,726adca0-87ca-4d9e-8f50-33c458c1775a,c8c27bf0-3034-48f8-996a-33cad02f00cf,c6566c82-1002-4d9c-a2f4-dade7d27ee47,10,Eye little perform sort.,,,,
REVIEW,3f925459-7735-43c9-a0e3-3c84d8e06d0e,3df09898-50f8-4c4e-b3b2-c6612dce1c06,aaeb32c3-9767-4edf-9a87-944456584307,4,Beyond always animal couple government.,,,,
ROOM,b891ca67-f7d1-413c-a170-a9926af8df54,c8c27bf0-3034-48f8-996a-33cad02f00cf,80.56,True,standard,False,,,
ROOM,ad79bdcb-4ba7-4f3b-a18d-7c7bcbcd0a2d,3df09898-50f8-4c4e-b3b2-c6612dce1c06,66.97,True,standard,False,,,
REVIEW,e4af38c1-de49-4a1d-ad4a-271e96cd8aea,87b3b4dd-b496-413f-ac89-4922505a613c,66982bdf-2e03-4036-a43a-1807cc9f9873,9,Gas social morning force it.,,,,
REVIEW,ec581931-bad3-4db9-b694-039c299fba4a,cc0bb177-53ed-45be-978d-8e3ab2aaa670,51e5ec3e-af96-4c0e-a427-ec51ecb64e1e,6,Fast painting hour.,,,,
REVIEW,b4bf874a-be16-4697-b106-dbf9623c5231,28284a5f-79ab-4f6e-9a73-aa9202198d58,0be3a4a7-cd9c-44cb-8bbb-bbba1c0eeee2,10,Them realize activity mouth bag when.,,,,
REVIEW,0e67891c-7a36-48fb-ae31-0dc669346ef6,cdf6b1b2-6970-457a-835c-710ac91e241b,352df838-d15f-4b22-afb3-7f431abc3c67,10,Song safe building woman get.,,,,
ROOM,66dfcace-5e83-4126-9fbb-50336f77d62a,ed9265dc-d6d6-4482-973c-eedd14ce3138,477.5,True,standard,False,,,
ROOM,3dfcbb67-a5aa-42dc-a009-841cc4a5091d,a069f425-0e0b-4b22-8c5d-5d96d5cc57a2,307.41,False,standard,False,,,
REVIEW,3507b81f-b27b-486c-8cd5-116beb10b388,41a54b76-a74f-4ff1-b112-b32557c91c84,df997752-4791-4343-b5c2-7b4e75f3bfd3,10,Impact large claim before.,,,,
REVIEW,6d6f3bde-95d8-4469-869c-a52d6060f6d8,53f1dfb3-d26d-4d3a-9546-0184d6dbc79d,5994e7b0-1b30-4b1b-bf7e-30b6264e9451,4,Pick risk carry data.,,,,
REVIEW,26ae17a7-b16a-43d6-b15a-2fbd4158087f,a069f425-0e0b-4b22-8c5d-5d96d5cc57a2,b68f736b-0420-407f-84d5-09e1614c6e5a,6,Film certain less list responsibility treat.,,,,
REVIEW,86f11e57-8a57-4e0c-beeb-d04584c2e137,38e7c13e-c468-40d7-9df2-98a17226d59f,122573d8-74b7-4dd1-a314-50b0387be61a,3,Step specific middle kid federal within member.,,,,
ROOM,65fa2207-d5eb-4c88-99cd-149f025ea72c,3df09898-50f8-4c4e-b3b2-c6612dce1c06,362.81,True,suite,1,,,
REVIEW,2c01ed20-1b82-437e-9088-6421ca65818f,f1b5faae-1eb2-4718-ae51-f33376cdbc66,d4f4d3c9-6c21-42f3-a531-cdf8cb1853a1,3,Hundred drug animal.,,,,
ROOM,b97d4dcb-5425-47d0-b000-582fb0178935,ed9265dc-d6d6-4482-973c-eedd14ce3138,398.5,False,standard,False,,,
REVIEW,b4246f74-0771-4590-9397-9bc7750e35c6,3858882a-2425-4965-9368-49b99ed9c565,52d4b355-3093-441a-b40e-cb8c71956dca,7,Foreign owner avoid put.,,,,
REVIEW,0ff3c984-d1ec-4db5-bae2-85bf96e6e637,c757254c-45fb-4a4b-8525-129251a6b81e,4d457a09-0a8d-43cf-bb0e-73cf1084b6c2,10,Simple different same later wish.,,,,
ROOM,7c5954a9-3d3f-4b36-bbe4-8e6efe569a97,9be3615c-fe2b-4f97-a6fc-da1f9fe3190a,367.19,True,suite,3,,,
ROOM,cdff720e-6857-486b-be25-c5179d501825,48a33ac0-de66-445b-bed5-f4cecf695d74,207.6,False,suite,3,,,
ROOM,781040a7-5415-4dda-84ad-98c9f234b535,3def44bc-a5c2-4a66-bc44-ad293bebb493,55.32,True,suite,1,,,
ROOM,6e5b63d7-6e72-4f7c-ba54-52ea726a5b9f,a069f425-0e0b-4b22-8c5d-5d96d5cc57a2,222.94,False,standard,False,,,
REVIEW,1ca7de37-26ee-4c8f-bf54-2a6191e7cada,3def44bc-a5c2-4a66-bc44-ad293bebb493,0be3a4a7-cd9c-44cb-8bbb-bbba1c0eeee2,9,Space human human international order.,,,,
REVIEW,5e416cf1-12fd-420d-ac9a-764269ceb82d,088a0975-f95b-4eb9-b9bc-c563e6f0070e,af4ec2b4-afad-4c37-b7e0-2b62aa9d81a0,3,Thank opportunity no school table message.,,,,
REVIEW,90304b5e-ef03-4f4d-8ee2-18c40698a940,eac17380-809e-4c34-a24e-2b27dc31e7dc,89e23cdd-c10a-42f3-a3f8-28933a508bc7,6,Beyond fine role table catch our.,,,,
ROOM,27a1ac7c-0263-4585-a51b-fc3c089ca8fa,de6faef7-263d-4946-ac26-02aa4ea7c0fb,249.52,True,suite,3,,,
